"obec","obyv15"
"Abertamy",796
"Adamov",4600
"Adršpach",418
"Albrechtice",3726
"Albrechtice nad Orlicí",855
"Albrechtice nad Vltavou",764
"Albrechtice v Jizerských horách",295
"Albrechtičky",603
"Alojzov",201
"Andělská Hora",603
"Anenská Studánka",154
"Archlebov",755
"Arneštovice",72
"Arnolec",137
"Arnoltice",357
"Aš",10228
"Babice",3164
"Babice nad Svitavou",998
"Babice u Rosic",598
"Babylon",244
"Bačalky",139
"Bačetín",339
"Bačice",170
"Bačkov",107
"Bačkovice",87
"Bácovice",78
"Bakov nad Jizerou",4082
"Baliny",104
"Balkova Lhota",110
"Banín",267
"Bánov",1805
"Báňovice",94
"Bantice",239
"Barchov",435
"Barchovice",197
"Bařice-Velké Těšany",393
"Bartošovice",1435
"Bartošovice v Orlických horách",169
"Bartoušov",143
"Baška",3285
"Bašnice",176
"Bašť",1575
"Batelov",1998
"Batňovice",645
"Bavorov",1353
"Bavory",341
"Bavoryně",267
"Bdeněves",566
"Bdín",53
"Běchary",235
"Bechlín",1039
"Bechyně",4372
"Bečice",155
"Bečov",1295
"Bečov nad Teplou",812
"Bečváry",868
"Bedihošť",889
"Bednárec",94
"Bednáreček",161
"Bedřichov",494
"Běhařov",147
"Běhařovice",326
"Bělá",1066
"Bělá nad Radbuzou",1468
"Bělá nad Svitavou",436
"Bělá pod Bezdězem",3957
"Bělá pod Pradědem",1569
"Bělá u Jevíčka",302
"Bělčice",845
"Běleč",615
"Běleč nad Orlicí",293
"Bělkovice-Lašťany",1902
"Běloky",147
"Bělotín",1526
"Bělov",271
"Bělušice",409
"Benátky",409
"Benátky nad Jizerou",5880
"Benecko",927
"Benešov",14182
"Benešov nad Černou",1054
"Benešov nad Ploučnicí",3118
"Benešov u Semil",724
"Benešovice",186
"Benetice",153
"Beňov",584
"Bernardov",164
"Bernartice",2748
"Bernartice nad Odrou",811
"Beroun",15354
"Beřovice",295
"Běrunice",712
"Besednice",684
"Běšiny",678
"Běštín",274
"Běstovice",372
"Běstvina",464
"Bezděčí u Trnávky",176
"Bezdědovice",291
"Bezděkov",1364
"Bezděkov nad Metují",487
"Bezděkov pod Třemšínem",131
"Bezděz",317
"Bezdružice",792
"Bezkov",175
"Bezměrov",434
"Bezno",732
"Bezuchov",162
"Bezvěrov",562
"Bílá",1003
"Bílá Hlína",100
"Bílá Lhota",981
"Bílá Třemešná",1130
"Bílá Voda",205
"Bílčice",206
"Bílé Podolí",531
"Bílé Poličany",142
"Bílence",205
"Bílichov",158
"Bílina",12617
"Bílkovice",183
"Bílov",539
"Bílovec",6328
"Bílovice",1571
"Bílovice nad Svitavou",2906
"Bílovice-Lutotín",459
"Bílsko",345
"Bílsko u Hořic",99
"Bílý Kámen",230
"Bílý Kostel nad Nisou",852
"Bílý Potok",583
"Bílý Újezd",545
"Biřkov",113
"Biskoupky",150
"Biskupice",1307
"Biskupice-Pulkov",235
"Bítouchov",302
"Bítov",520
"Bítovany",352
"Bítovčice",360
"Bitozeves",365
"Blanné",73
"Blansko",16974
"Blatce",93
"Blatec",535
"Blatná",5543
"Blatnice",1020
"Blatnice pod Svatým Antonínkem",1772
"Blatnička",368
"Blatno",901
"Blažejov",390
"Blažejovice",98
"Blazice",173
"Blažim",265
"Blažkov",246
"Blažovice",947
"Blešno",349
"Blevice",249
"Blížejov",1229
"Blíževedly",511
"Blízkov",280
"Blížkovice",1009
"Blovice",3470
"Blšany",841
"Blšany u Loun",278
"Blučina",1821
"Bludov",2646
"Bobnice",700
"Bobrová",763
"Bobrůvka",218
"Bocanovice",398
"Bochoř",841
"Bochov",1689
"Bochovice",138
"Boháňka",203
"Boharyně",492
"Bohaté Málkovice",212
"Bohatice",172
"Bohdalec",250
"Bohdalice-Pavlovice",714
"Bohdalín",157
"Bohdalov",951
"Bohdalovice",254
"Bohdaneč",353
"Bohdašín",198
"Bohdíkov",1145
"Bohostice",171
"Bohumilice",267
"Bohumín",18408
"Bohunice",40
"Bohuňov",349
"Bohuňovice",2280
"Bohušice",123
"Bohuslavice",3224
"Bohuslavice nad Vláří",326
"Bohuslavice u Zlína",656
"Bohuslávky",275
"Bohušov",341
"Bohušovice nad Ohří",2108
"Bohutice",552
"Bohutín",2150
"Bohy",107
"Bojanov",552
"Bojanovice",553
"Bojiště",229
"Bojkovice",3797
"Bolatice",3749
"Boleboř",243
"Bolehošť",479
"Boleradice",773
"Bolešiny",623
"Boletice",0
"Bolkov",45
"Boňkov",63
"Bor",3291
"Bor u Skutče",123
"Borač",293
"Bořanovice",658
"Bordovice",512
"Boreč",229
"Borek",1991
"Bořenovice",166
"Bořetice",1158
"Bořetín",182
"Bořice",166
"Bořislav",343
"Bořitov",1105
"Borkovany",701
"Borkovice",203
"Borohrádek",1745
"Borotice",667
"Borotín",901
"Borová",1021
"Borová Lada",233
"Borovany",3664
"Borovná",70
"Borovnice",991
"Borovnička",158
"Borovník",90
"Borovno",81
"Borovy",191
"Boršice",1862
"Boršice u Blatnice",697
"Boršov",142
"Boršov nad Vltavou",1550
"Borušov",152
"Bory",676
"Boseň",399
"Bošice",282
"Bošilec",173
"Bošín",87
"Boskovice",9727
"Boskovštejn",132
"Bošovice",994
"Boudy",153
"Bousín",117
"Bousov",185
"Bouzov",1301
"Božanov",275
"Božejov",535
"Božetice",325
"Boží Dar",197
"Božičany",502
"Božice",1278
"Bozkov",493
"Brada-Rybníček",130
"Bradáčov",44
"Bradlec",991
"Bradlecká Lhota",197
"Brambory",107
"Braňany",1040
"Brandov",212
"Brandýs nad Labem-Stará Boleslav",14083
"Brandýs nad Orlicí",1116
"Brandýsek",1567
"Branice",251
"Braníškov",159
"Branišov",207
"Branišovice",485
"Branka u Opavy",932
"Brankovice",764
"Branky",828
"Branná",232
"Branov",176
"Bransouze",208
"Brantice",1182
"Branžež",209
"Braškov",895
"Břasy",1875
"Bratčice",899
"Bratkovice",269
"Bratřejov",662
"Bratřice",131
"Bratříkovice",128
"Bratřínov",165
"Bratronice",815
"Bratrušov",535
"Bravantice",750
"Brázdim",573
"Bražec",182
"Břeclav",20976
"Břehov",131
"Břehy",872
"Břest",800
"Břestek",703
"Břevnice",127
"Břežany",1026
"Břežany I",257
"Břežany II",600
"Březejc",124
"Březí",2006
"Březí nad Oslavou",231
"Březina",1155
"Březina (dříve okres Blansko)",806
"Březina (dříve okres Tišnov)",279
"Březinky",111
"Březiny",120
"Březnice",4271
"Březník",568
"Březno",1971
"Březolupy",1428
"Březová",5482
"Březová nad Svitavou",1380
"Březová-Oleško",952
"Březovice",253
"Březské",153
"Březsko",183
"Březůvky",592
"Břidličná",2816
"Bříšťany",210
"Bříství",278
"Bříza",365
"Brloh",1075
"Brňany",364
"Brněnec",1111
"Brníčko",560
"Brnířov",331
"Brniště",1103
"Brno",318057
"Brod nad Dyjí",465
"Brod nad Tichou",214
"Brodce",866
"Brodec",71
"Brodek u Konice",717
"Brodek u Přerova",1667
"Brodek u Prostějova",1273
"Brodeslavy",62
"Broumov",6500
"Broumy",792
"Brozany nad Ohří",1086
"Brtnice",3187
"Brtnička",91
"Brťov-Jeneč",295
"Brumov",217
"Brumov-Bylnice",4728
"Brumovice",2073
"Bruntál",14159
"Brusné",316
"Brušperk",3416
"Bruzovice",751
"Břvany",281
"Brzánky",67
"Brzice",189
"Brzkov",237
"Bublava",351
"Bubovice",395
"Buchlovice",2132
"Bučí",142
"Bučina",212
"Bučovice",5515
"Budčeves",143
"Budeč",347
"Budětice",251
"Budětsko",340
"Budíkov",264
"Budiměřice",536
"Budíškovice",585
"Budislav",707
"Budišov",1026
"Budišov nad Budišovkou",2471
"Budišovice",616
"Budkov",374
"Budyně",35
"Budyně nad Ohří",1816
"Bujanov",447
"Bujesily",53
"Buk",580
"Bukov",159
"Buková",460
"Buková u Příbramě",303
"Bukovany",3206
"Bukovec",1206
"Bukovice",364
"Bukovina",323
"Bukovina nad Labem",196
"Bukovina u Čisté",177
"Bukovina u Přelouče",73
"Bukovinka",446
"Bukovka",328
"Bukovník",57
"Bukovno",576
"Bukvice",127
"Bulhary",663
"Bulovka",767
"Buřenice",182
"Buš",304
"Bušanovice",232
"Bušín",353
"Bušovice",499
"Buštěhrad",2656
"Butoves",219
"Buzice",148
"Býchory",483
"Býčkovice",264
"Býkev",358
"Bykoš",189
"Býkov-Láryšov",132
"Býkovice",192
"Bylany",341
"Bynovec",272
"Byšice",1114
"Býškovice",338
"Býšovec",135
"Býšť",1276
"Bystrá",97
"Bystrá nad Jizerou",96
"Bystřany",1706
"Bystré",1537
"Bystřec",959
"Bystřice",8428
"Bystřice nad Pernštejnem",7037
"Bystřice pod Hostýnem",7141
"Bystřice pod Lopeníkem",702
"Bystřička",863
"Bystročice",653
"Bystrovany",843
"Byzhradec",181
"Bžany",755
"Bzenec",3716
"Bzová",372
"Čachotín",153
"Čachovice",730
"Čachrov",432
"Čakov",343
"Čaková",258
"Čakovičky",536
"Čankovice",279
"Čáslav",8380
"Čáslavice",466
"Čáslavsko",97
"Částkov",611
"Častohostice",167
"Častolovice",1383
"Častrov",513
"Časy",181
"Čavisov",433
"Čebín",1477
"Cebiv",243
"Čečelice",543
"Čečelovice",170
"Čechočovice",260
"Čechtice",1183
"Čechtín",265
"Čechy",294
"Čechy pod Kosířem",865
"Čečkovice",77
"Čečovice",71
"Cehnice",414
"Čehovice",442
"Čejč",1080
"Čejetice",766
"Čejkovice",2654
"Cejle",411
"Čejov",480
"Cekov",114
"Čeladná",2361
"Čelákovice",9514
"Čelčice",452
"Čelechovice",104
"Čelechovice na Hané",1136
"Čelistná",85
"Čeložnice",361
"Čeminy",225
"Čenkov",334
"Čenkov u Bechyně",48
"Čenkovice",156
"Cep",166
"Čeperka",931
"Čepí",362
"Čepřovice",165
"Čeradice",260
"Čerčany",2325
"Cerekvice nad Bystřicí",664
"Cerekvice nad Loučnou",674
"Cerekvička-Rosice",141
"Cerhenice",1407
"Cerhonice",123
"Cerhovice",949
"Čermákovice",83
"Čermná",562
"Čermná nad Orlicí",847
"Čermná ve Slezsku",304
"Černá",251
"Černá Hora",1733
"Černá u Bohdanče",418
"Černá v Pošumaví",691
"Černá Voda",486
"Černava",271
"Černčice",1564
"Černé Voděrady",298
"Černěves",186
"Černíč",104
"Černíkov",295
"Černíkovice",693
"Černíky",104
"Černilov",2030
"Černín",124
"Černíny",342
"Černiv",132
"Černolice",371
"Černošice",5614
"Černošín",938
"Černotín",684
"Černouček",264
"Černousy",272
"Černov",101
"Černovice",2460
"Čerňovice",169
"Černožice",957
"Černuc",840
"Černvír",136
"Černý Důl",569
"Černýšovice",72
"Červená Hora",166
"Červená Lhota",160
"Červená Řečice",840
"Červená Třemešná",133
"Červená Voda",2527
"Červené Janovice",568
"Červené Pečky",1508
"Červené Poříčí",199
"Červenka",1210
"Červený Hrádek",178
"Červený Kostelec",7048
"Červený Újezd",1351
"Česká",830
"Česká Bělá",861
"Česká Bříza",466
"Česká Čermná",438
"Česká Kamenice",4377
"Česká Kubice",564
"Česká Lípa",30753
"Česká Metuje",240
"Česká Rybná",308
"Česká Skalice",4398
"Česká Třebová",13257
"Česká Ves",2114
"České Budějovice",77524
"České Heřmanice",483
"České Lhotice",99
"České Libchavy",515
"České Meziříčí",1534
"České Petrovice",137
"České Velenice",2579
"Český Brod",5748
"Český Dub",2204
"Český Jiřetín",75
"Český Krumlov",10839
"Český Rudolec",805
"Český Šternberk",124
"Český Těšín",20531
"Češov",197
"Čestice",1265
"Čestín",373
"Čestlice",542
"Cetechovice",155
"Cetenov",91
"Cetkovice",640
"Cetoraz",270
"Cetyně",139
"Chabařovice",2117
"Chabeřice",216
"Chaloupky",430
"Chanovice",591
"Chářovice",157
"Charvatce",229
"Charváty",719
"Chbany",543
"Cheb",25134
"Chelčice",288
"Cheznovice",608
"Chlebičov",977
"Chleby",409
"Chleny",191
"Chlistov",117
"Chlístov",632
"Chlístovice",644
"Chlum",855
"Chlum Svaté Maří",247
"Chlum u Třeboně",1737
"Chlum-Korouhvice",36
"Chlumany",297
"Chlumčany",2471
"Chlumec",3823
"Chlumec nad Cidlinou",4555
"Chlumek",141
"Chlumětín",177
"Chlumín",400
"Chlumy",91
"Chlustina",193
"Chmelík",157
"Chmelná",119
"Chobot",39
"Choceň",7234
"Chocenice",481
"Chocerady",1013
"Chocnějovice",354
"Chocomyšl",103
"Chodouň",535
"Chodouny",564
"Chodov",12229
"Chodová Planá",1510
"Chodovlice",134
"Chodská Lhota",349
"Chodský Újezd",632
"Cholenice",203
"Cholina",612
"Choltice",929
"Chomle",52
"Chomutice",555
"Chomutov",40009
"Chomýž",306
"Choratice",63
"Chornice",764
"Chorušice",456
"Choryně",639
"Choťánky",367
"Chotěboř",7898
"Chotěbudice",90
"Chotěbuz",1074
"Choteč",727
"Chotěmice",95
"Chotěnov",111
"Chotěšice",289
"Chotěšov",2699
"Chotětov",903
"Chotěvice",894
"Chotíkov",998
"Chotilsko",401
"Chotiměř",247
"Chotiněves",181
"Chotovice",260
"Choťovice",159
"Chotoviny",1464
"Chotusice",619
"Chotutice",412
"Chotýčany",198
"Chotyně",839
"Chotýšany",471
"Choustník",430
"Choustníkovo Hradiště",509
"Chožov",460
"Chraberce",109
"Chrast",2577
"Chrást",2161
"Chrášťany",2599
"Chrastava",5156
"Chrastavec",194
"Chrastavice",314
"Chraštice",220
"Chrášťovice",225
"Chrbonín",127
"Chřenovice",133
"Chřibská",1142
"Chříč",194
"Chroboly",448
"Chromeč",484
"Chropyně",4212
"Chroustov",190
"Chroustovice",1051
"Chrtníč",108
"Chrtníky",88
"Chrudichromy",165
"Chrudim",19275
"Chrustenice",747
"Chržín",206
"Chuchelna",821
"Chuchelná",1080
"Chudčice",771
"Chudenice",645
"Chudenín",500
"Chudeřice",200
"Chuderov",905
"Chudíř",170
"Chudoslavice",129
"Chvalatice",91
"Chvalčov",1450
"Chvaleč",575
"Chválenice",611
"Chvaletice",2534
"Chvalíkovice",579
"Chvalkovice",840
"Chvalnov-Lísky",209
"Chvalovice",619
"Chvalšiny",1054
"Chvatěruby",452
"Chvojenec",567
"Chyjice",136
"Chyňava",1545
"Chýně",2065
"Chýnice",320
"Chýnov",2046
"Chyše",477
"Chyšky",903
"Chyšná",79
"Chýšť",182
"Chýstovice",32
"Číčenice",392
"Čichalov",149
"Číchov",205
"Číčovice",248
"Cidlina",78
"Číhalín",164
"Číhaň",180
"Číhošť",291
"Cikháj",83
"Čikov",191
"Čilá",18
"Čilec",194
"Čím",254
"Čimelice",853
"Číměř",798
"Čímice",135
"Činěves",436
"Církvice",1226
"Císařov",262
"Čisovice",874
"Čistá",2194
"Čistá u Horek",466
"Čistěves",143
"Citice",777
"Cítoliby",913
"Citonice",495
"Citov",463
"Cítov",984
"Čižice",461
"Čížkov",641
"Čížkovice",1194
"Čížkrajice",207
"Cizkrajov",475
"Čížov",241
"Čížová",997
"Čkyně",1332
"Člunek",398
"Čmelíny",108
"Cotkytle",330
"Crhov",145
"Ctětín",225
"Ctiboř",383
"Ctidružice",266
"Ctiměřice",110
"Ctiněves",284
"Čtveřín",435
"Čtyřkoly",554
"Čučice",364
"Cvikov",3829
"Cvrčovice",1139
"Dačice",6335
"Dalečín",568
"Daleké Dušníky",357
"Dalešice",686
"Dalovice",1863
"Dambořice",1153
"Damnice",302
"Damníkov",583
"Daňkovice",127
"Darkovice",1136
"Dašice",1693
"Daskabát",510
"Dasnice",245
"Dasný",268
"Davle",1333
"Deblín",884
"Děčany",330
"Děčín",41250
"Dědice",106
"Dědová",125
"Dehtáře",98
"Děhylov",627
"Děkanovice",48
"Děkov",177
"Děpoltovice",339
"Dešenice",594
"Desná",2902
"Dešná",702
"Dešov",364
"Deštná",840
"Deštné v Orlických horách",496
"Deštnice",161
"Dětenice",620
"Dětkovice",673
"Dětmarovice",3689
"Dětřichov",852
"Dětřichov nad Bystřicí",367
"Dětřichov u Moravské Třebové",173
"Dílce",40
"Díly",326
"Dírná",350
"Diváky",432
"Dívčí Hrad",254
"Dívčí Kopy",64
"Dívčice",470
"Divec",187
"Divišov",1357
"Dlažkovice",105
"Dlažov",404
"Dlouhá Brtnice",316
"Dlouhá Lhota",909
"Dlouhá Loučka",2108
"Dlouhá Stráň",76
"Dlouhá Třebová",1097
"Dlouhá Ves",1034
"Dlouhé",209
"Dlouhomilov",415
"Dlouhoňovice",668
"Dlouhopolsko",200
"Dlouhý Most",740
"Dlouhý Újezd",313
"Dnešice",705
"Dobelice",230
"Dobev",744
"Dobkovice",560
"Dobrá",2678
"Dobrá Voda",473
"Dobrá Voda u Českých Budějovic",2233
"Dobrá Voda u Hořic",485
"Dobrá Voda u Pacova",82
"Dobřany",5156
"Dobratice",1053
"Dobrčice",189
"Dobré",718
"Dobré Pole",376
"Dobřejovice",761
"Dobřeň",147
"Dobřenice",478
"Dobříč",625
"Dobřichov",646
"Dobřichovice",2899
"Dobříkov",420
"Dobříň",484
"Dobřínsko",348
"Dobříš",7325
"Dobřív",1065
"Dobrkovice",225
"Dobrná",377
"Dobrochov",285
"Dobročkovice",180
"Dobročovice",233
"Dobrohošť",37
"Dobroměřice",1162
"Dobromilice",647
"Dobronice u Bechyně",99
"Dobronín",1571
"Dobroslavice",660
"Dobroutov",240
"Dobrovice",2777
"Dobrovítov",99
"Dobrovíz",450
"Dobršín",98
"Dobruška",5697
"Dobšice",2289
"Dobšín",228
"Dohalice",399
"Doksany",345
"Doksy",5699
"Dolánky nad Ohří",225
"Dolany",4290
"Dolany nad Vltavou",734
"Dolce",254
"Dolenice",123
"Dolní Bečva",1598
"Dolní Bělá",380
"Dolní Benešov",3522
"Dolní Beřkovice",1240
"Dolní Bezděkov",182
"Dolní Bojanovice",2469
"Dolní Bousov",2199
"Dolní Branná",838
"Dolní Břežany",2978
"Dolní Brusnice",325
"Dolní Bukovsko",1368
"Dolní Cerekev",1073
"Dolní Čermná",1121
"Dolní Chvatliny",386
"Dolní Dobrouč",2150
"Dolní Domaslavice",1153
"Dolní Dubňany",409
"Dolní Dunajovice",1504
"Dolní Dvořiště",1074
"Dolní Dvůr",222
"Dolní Habartice",492
"Dolní Hbity",755
"Dolní Heřmanice",415
"Dolní Hořice",711
"Dolní Hrachovice",119
"Dolní Hradiště",52
"Dolní Kalná",577
"Dolní Kounice",2051
"Dolní Kralovice",753
"Dolní Krupá",554
"Dolní Lánov",637
"Dolní Lažany",128
"Dolní Lhota",1817
"Dolní Libochová",132
"Dolní Lochov",32
"Dolní Lomná",758
"Dolní Loučky",1092
"Dolní Lukavice",812
"Dolní Lutyně",4542
"Dolní Město",768
"Dolní Morava",338
"Dolní Moravice",337
"Dolní Němčí",2573
"Dolní Nětčice",217
"Dolní Nivy",296
"Dolní Novosedly",176
"Dolní Olešnice",315
"Dolní Pěna",307
"Dolní Podluží",1001
"Dolní Pohleď",82
"Dolní Poustevna",1355
"Dolní Přím",589
"Dolní Radechová",658
"Dolní Řasnice",445
"Dolní Ředice",778
"Dolní Roveň",1672
"Dolní Rožínka",543
"Dolní Rychnov",1132
"Dolní Slivno",277
"Dolní Sokolovec",79
"Dolní Stakory",226
"Dolní Studénky",1183
"Dolní Těšice",54
"Dolní Tošanovice",303
"Dolní Třebonín",1080
"Dolní Újezd",2694
"Dolní Věstonice",279
"Dolní Vilémovice",340
"Dolní Vilímeč",83
"Dolní Zálezly",490
"Dolní Žandov",995
"Dolní Žďár",124
"Dolní Zimoř",77
"Dolní Životice",911
"Doloplazy",1593
"Domamil",267
"Domanín",1191
"Dománovice",107
"Domašín",151
"Domašov",528
"Domašov nad Bystřicí",427
"Domašov u Šternberka",278
"Domaželice",470
"Domažlice",8837
"Domoraz",50
"Domoušice",562
"Domousnice",225
"Doňov",66
"Doubek",368
"Doubice",101
"Doubrava",1084
"Doubravčice",579
"Doubravice",827
"Doubravice nad Svitavou",1159
"Doubravička",116
"Doubravník",706
"Doubravy",459
"Doudleby",405
"Doudleby nad Orlicí",1586
"Doupě",81
"Doupovské Hradiště",136
"Drachkov",157
"Dráchov",216
"Drahanovice",1463
"Drahany",446
"Drahelčice",716
"Drahenice",133
"Drahkov",110
"Drahlín",477
"Drahňovice",70
"Drahobudice",214
"Drahobuz",224
"Drahonice",301
"Drahonín",100
"Drahoňův Újezd",101
"Drahotěšice",271
"Drahotín",170
"Drahouš",66
"Drahov",137
"Drásov",1781
"Dražeň",117
"Draženov",340
"Dražíč",213
"Dražice",676
"Dražičky",119
"Drážov",206
"Dražovice",896
"Dražůvky",242
"Dřenice",330
"Dřešín",264
"Dřetovice",376
"Dřevčice",616
"Dřevěnice",209
"Drevníky",274
"Dřevnovice",396
"Dřevohostice",1281
"Drhovice",185
"Drhovle",467
"Drhovy",228
"Dřínov",1027
"Dřísy",767
"Dříteč",373
"Dříteň",1391
"Drmoul",834
"Drnek",147
"Drnholec",1492
"Drnovice",3426
"Drobovice",348
"Droužetice",114
"Droužkovice",694
"Drozdov",913
"Drslavice",524
"Druhanov",133
"Drunče",40
"Družec",883
"Druztová",635
"Drysice",474
"Držkov",501
"Držková",310
"Držovice",1196
"Dub",328
"Dub nad Moravou",1355
"Dubá",1460
"Dubany",223
"Dubčany",194
"Dubenec",793
"Dubí",6544
"Dubicko",906
"Dubičné",346
"Dublovice",927
"Dubňany",5490
"Dubné",1290
"Dubnice",556
"Dubno",268
"Dubovice",63
"Duchcov",7206
"Dudín",154
"Dukovany",721
"Důl",49
"Dunajovice",186
"Dunice",56
"Dušejov",389
"Dušníky",319
"Dvakačovice",126
"Dvorce",1315
"Dvory",543
"Dvory nad Lužnicí",276
"Dvůr Králové nad Labem",13374
"Dyjákovice",722
"Dyjákovičky",426
"Dyje",405
"Dyjice",121
"Dymokury",715
"Dynín",268
"Dýšina",1445
"Džbánice",129
"Džbánov",291
"Dzbel",218
"Ejpovice",563
"Erpužice",302
"Eš",48
"Evaň",252
"Felbabka",229
"Frahelž",126
"Francova Lhota",1331
"Františkov nad Ploučnicí",332
"Františkovy Lázně",4529
"Frenštát pod Radhoštěm",9230
"Fryčovice",2028
"Frýdek-Místek",47830
"Frýdlant",6277
"Frýdlant nad Ostravicí",8468
"Frýdštejn",745
"Frymburk",1141
"Fryšava pod Žákovou horou",299
"Fryšták",3163
"Fulnek",4852
"Golčův Jeníkov",2242
"Grešlové Mýto",168
"Gruna",175
"Grunta",73
"Grygov",1269
"Grymov",139
"Habartice",389
"Habartov",4220
"Habří",85
"Habřina",241
"Habrovany",890
"Habrůvka",335
"Habry",1088
"Hačky",88
"Hadravova Rosička",46
"Háj u Duchcova",1035
"Háj ve Slezsku",2869
"Hajany",533
"Háje",383
"Háje nad Jizerou",553
"Hájek",534
"Hajnice",848
"Halámky",158
"Halenkov",2020
"Halenkovice",1609
"Haluzice",68
"Halže",772
"Hamr",307
"Hamr na Jezeře",372
"Hamry",302
"Hamry nad Sázavou",1310
"Haňovice",393
"Hanušovice",2735
"Harrachov",1218
"Hartinkov",47
"Hartmanice",1259
"Hartvíkovice",481
"Haškovcova Lhota",62
"Hať",2157
"Hatín",172
"Havířov",63606
"Havlíčkova Borová",813
"Havlíčkův Brod",19170
"Havlovice",842
"Havraň",507
"Havraníky",272
"Hazlov",1302
"Hejná",146
"Hejnice",2509
"Hejtmánkovice",528
"Helvíkovice",405
"Herálec",2071
"Heraltice",317
"Herink",437
"Heřmaň",384
"Heřmaneč",78
"Heřmanice",645
"Heřmanice u Oder",279
"Heřmaničky",608
"Heřmánkovice",419
"Heřmánky",148
"Heřmanov",592
"Heřmanova Huť",1517
"Heřmanovice",310
"Heřmanův Městec",4104
"Heroltice",190
"Heršpice",665
"Hevlín",1157
"Hladké Životice",843
"Hladov",153
"Hlasivo",140
"Hlásná Třebaň",806
"Hlásnice",185
"Hlavatce",449
"Hlavečník",232
"Hlavenec",295
"Hlavice",195
"Hlavnice",542
"Hlavňovice",410
"Hlína",240
"Hlince",63
"Hlincová Hora",326
"Hlinka",157
"Hlinná",241
"Hlinsko",8509
"Hlízov",474
"Hlohová",228
"Hlohovčice",159
"Hlohovec",1069
"Hlohovice",286
"Hlubočany",401
"Hlubočec",468
"Hlubočky",3663
"Hluboká",156
"Hluboká nad Vltavou",4389
"Hluboké",179
"Hluboké Dvory",75
"Hluboké Mašůvky",674
"Hluboš",536
"Hlubyně",134
"Hluchov",302
"Hlučín",12124
"Hluk",3704
"Hlupín",82
"Hlušice",630
"Hlušovice",696
"Hnačov",88
"Hnanice",295
"Hnátnice",718
"Hněvčeves",140
"Hněvkovice",502
"Hněvnice",97
"Hněvošice",862
"Hněvotín",1456
"Hnojice",512
"Hnojník",1249
"Hobšovice",308
"Hodějice",855
"Hodětín",87
"Hodice",633
"Hodíškov",133
"Hodkovice nad Mohelkou",2403
"Hodonice",1617
"Hodonín",21483
"Hodov",271
"Hodslavice",1482
"Hojanovice",86
"Hojkov",128
"Hojovice",68
"Holany",434
"Holasice",933
"Holasovice",1181
"Holčovice",635
"Holedeč",517
"Holenice",70
"Holešov",9995
"Holetín",667
"Holice",5499
"Holín",514
"Holohlavy",785
"Holotín",48
"Holoubkov",1226
"Holovousy",506
"Holštejn",133
"Holubice",2309
"Holubov",889
"Holýšov",4148
"Homole",1281
"Homole u Panny",319
"Honbice",149
"Honětice",61
"Honezovice",213
"Hora Svaté Kateřiny",386
"Hora Svatého Šebestiána",258
"Hora Svatého Václava",64
"Hořany",110
"Hořátev",658
"Horažďovice",4540
"Horčápsko",86
"Hořenice",121
"Hořepník",526
"Hořesedly",349
"Hořešovice",220
"Hořešovičky",111
"Hořice",7299
"Hořice na Šumavě",707
"Hořičky",473
"Hořín",678
"Hořiněves",590
"Horka",338
"Horka I",341
"Horka II",348
"Horka nad Moravou",2049
"Horka u Staré Paky",202
"Horky",419
"Horky nad Jizerou",452
"Horní Bečva",2110
"Horní Bělá",479
"Horní Benešov",1956
"Horní Beřkovice",785
"Horní Bezděkov",542
"Horní Blatná",321
"Horní Bludovice",2059
"Horní Bojanovice",569
"Horní Bradlo",391
"Horní Branná",1588
"Horní Břečkov",208
"Horní Bříza",3622
"Horní Brusnice",380
"Horní Bukovina",202
"Horní Cerekev",1528
"Horní Čermná",880
"Horní Domaslavice",717
"Horní Dubenky",516
"Horní Dubňany",259
"Horní Dunajovice",548
"Horní Dvořiště",407
"Horní Habartice",354
"Horní Heřmanice",516
"Horní Jelení",1745
"Horní Jiřetín",1877
"Horní Kalná",292
"Horní Kamenice",205
"Horní Kněžeklady",98
"Horní Kounice",246
"Horní Kozolupy",212
"Horní Krupá",440
"Horní Kruty",427
"Horní Lapač",226
"Horní Lhota",1218
"Horní Libchava",625
"Horní Libochová",175
"Horní Lideč",1163
"Horní Loděnice",288
"Horní Lomná",320
"Horní Loučky",268
"Horní Lukavice",360
"Horní Maršov",841
"Horní Město",720
"Horní Meziříčko",93
"Horní Moštěnice",1429
"Horní Myslová",71
"Horní Němčí",722
"Horní Němčice",72
"Horní Nětčice",181
"Horní Olešnice",270
"Horní Paseka",65
"Horní Pěna",515
"Horní Planá",1805
"Horní Počaply",1003
"Horní Podluží",693
"Horní Police",574
"Horní Poříčí",489
"Horní Radechová",408
"Horní Radouň",208
"Horní Radslavice",75
"Horní Rápotice",139
"Horní Řasnice",189
"Horní Ředice",840
"Horní Řepčice",84
"Horní Rožínka",73
"Horní Skrýchov",142
"Horní Slatina",119
"Horní Slavkov",4646
"Horní Slivno",233
"Horní Smrčné",47
"Horní Smržov",112
"Horní Štěpánov",762
"Horní Stropnice",1266
"Horní Studénky",295
"Horní Suchá",3784
"Horní Těšice",135
"Horní Tošanovice",509
"Horní Třešňovec",525
"Horní Újezd",946
"Horní Ves",251
"Horní Věstonice",407
"Horní Vilémovice",70
"Horní Vltavice",320
"Horní Životice",276
"Hornice",67
"Hornosín",64
"Horoměřice",2865
"Horosedly",115
"Horoušany",1044
"Hořovice",5377
"Hořovičky",396
"Horšice",368
"Horská Kvilda",64
"Horšovský Týn",4115
"Horušice",153
"Hory",231
"Hosín",730
"Hoslovice",141
"Hospozín",439
"Hospříz",358
"Hošťálková",1864
"Hošťálkovy",529
"Hošťalovice",116
"Hostašovice",671
"Hoštejn",350
"Hostějov",37
"Hostěnice",617
"Hostěradice",1315
"Hostěrádky-Rešov",712
"Hostětice",113
"Hostětín",184
"Hoštice",270
"Hoštice-Heroltice",523
"Hostim",374
"Hostín",248
"Hostín u Vojkovic",281
"Hostinné",3748
"Hostišová",420
"Hostivice",6236
"Hoštka",1414
"Hošťka",328
"Hostomice",2394
"Hostouň",2002
"Hostovlice",216
"Hosty",141
"Hovězí",2050
"Hovorany",1874
"Hovorčovice",1799
"Hraběšice",135
"Hraběšín",99
"Hrabětice",760
"Hrabišín",727
"Hrabová",537
"Hrabůvka",260
"Hrabyně",1018
"Hracholusky",488
"Hrachoviště",67
"Hradčany",1030
"Hradčany-Kobeřice",351
"Hradce",73
"Hradčovice",841
"Hradec",684
"Hradec Králové",76956
"Hradec nad Moravicí",4635
"Hradec nad Svitavou",1422
"Hradec-Nová Ves",328
"Hradečno",432
"Hrádek",6101
"Hrádek nad Nisou",6446
"Hradešice",357
"Hradešín",363
"Hradiště",383
"Hradištko",2252
"Hranice",17350
"Hraničné Petrovice",122
"Hrazany",242
"Hrčava",214
"Hrdějovice",1334
"Hrdibořice",182
"Hrdlív",414
"Hrdlořezy",550
"Hřebeč",1632
"Hřebečníky",223
"Hředle",811
"Hrejkovice",402
"Hřensko",206
"Hřibiny-Ledská",290
"Hřibojedy",181
"Hřiměždice",348
"Hříšice",279
"Hříškov",363
"Hřivice",545
"Hřivínův Újezd",472
"Hrob",1683
"Hrobce",541
"Hrobčice",920
"Hrobice",578
"Hrochův Týnec",1635
"Hromnice",1050
"Hronov",5264
"Hrotovice",1504
"Hroubovice",290
"Hroznatín",92
"Hroznětín",1664
"Hroznová Lhota",1047
"Hrubá Skála",520
"Hrubá Vrbka",511
"Hrubčice",651
"Hrubý Jeseník",484
"Hrusice",658
"Hruška",197
"Hrušky",1974
"Hrušov",164
"Hrušová",311
"Hrušovany",439
"Hrušovany nad Jevišovkou",2792
"Hrušovany u Brna",2874
"Hrutov",85
"Hubenov",118
"Hudčice",214
"Hudlice",1030
"Hukvaldy",1763
"Hulice",248
"Hulín",5892
"Humburky",335
"Humpolec",8998
"Huntířov",673
"Hůrky",198
"Hurtova Lhota",210
"Hůry",474
"Husí Lhota",134
"Husinec",2268
"Huslenky",1911
"Huštěnovice",839
"Hustopeče",5020
"Hustopeče nad Bečvou",1476
"Hutisko-Solanec",1713
"Huzová",498
"Hvězdlice",489
"Hvězdonice",261
"Hvězdoňovice",86
"Hvozd",907
"Hvožďany",701
"Hvozdec",598
"Hvozdná",1063
"Hvozdnice",612
"Hybrálec",394
"Hynčice",154
"Hynčina",171
"Hýskov",1486
"Hýsly",342
"Ivaň",1033
"Ivančice",8246
"Ivanovice na Hané",2461
"Jabkenice",367
"Jabloňany",334
"Jablonec nad Jizerou",1489
"Jablonec nad Nisou",37601
"Jablonná",342
"Jablonné nad Orlicí",2439
"Jablonné v Podještědí",3048
"Jabloňov",285
"Jablůnka",1743
"Jablunkov",4688
"Jáchymov",2164
"Jahodov",83
"Jakartovice",907
"Jakubčovice nad Odrou",551
"Jakubov u Moravských Budějovic",530
"Jakubovice",177
"Jalubí",1500
"Jamné",441
"Jamné nad Orlicí",577
"Jamolice",382
"Jámy",485
"Jankov",1154
"Jankovice",999
"Janoušov",41
"Janov",1599
"Janov nad Nisou",1148
"Janová",637
"Janovice",1618
"Janovice nad Úhlavou",1800
"Janovice v Podještědí",83
"Janská",185
"Janské Lázně",623
"Janův Důl",135
"Janůvky",52
"Jarcová",691
"Jarohněvice",255
"Jaroměř",10477
"Jaroměřice",1016
"Jaroměřice nad Rokytnou",3492
"Jaroslav",200
"Jaroslavice",1059
"Jarošov",151
"Jarošov nad Nežárkou",963
"Jarov",323
"Jarpice",246
"Jasenice",164
"Jasenná",1442
"Javor",59
"Javorek",89
"Javornice",881
"Javorník",3642
"Javůrek",269
"Jedlá",72
"Jedlany",63
"Jedlí",570
"Jedlová",872
"Jedomělice",338
"Jedousov",137
"Jedovnice",2358
"Jehnědí",270
"Jemnice",3457
"Jemníky",225
"Jenčice",303
"Jeneč",1041
"Jeníkov",1156
"Jeníkovice",575
"Jenišov",727
"Jenišovice",1287
"Jenštejn",744
"Jeřice",327
"Jeřišno",238
"Jeřmanice",441
"Jersín",156
"Jesenec",258
"Jesenice",7992
"Jeseník",9811
"Jeseník nad Odrou",1689
"Jesenný",408
"Ješetice",107
"Jestřabí",237
"Jestřabí Lhota",402
"Jestřabí v Krkonoších",219
"Jestřebí",1378
"Jetětice",225
"Jetřichov",394
"Jetřichovice",366
"Jevany",600
"Jevíčko",2421
"Jeviněves",191
"Jevišovice",984
"Jevišovka",550
"Jezbořice",326
"Jezdkovice",211
"Jezdovice",225
"Ježená",106
"Jezeřany-Maršovice",654
"Jezernice",569
"Ježkovice",332
"Ježov",665
"Ježovy",193
"Jičín",13300
"Jičíněves",517
"Jickovice",108
"Jihlava",41367
"Jihlávka",176
"Jíkev",271
"Jilem",201
"Jilemnice",4565
"Jílové",4384
"Jílové u Držkova",178
"Jílové u Prahy",3711
"Jílovice",1086
"Jíloviště",527
"Jimlín",733
"Jimramov",983
"Jinačovice",602
"Jince",1837
"Jindřichov",2524
"Jindřichovice",505
"Jindřichovice pod Smrkem",543
"Jindřichův Hradec",18266
"Jinín",176
"Jinočany",1333
"Jinolice",176
"Jinošov",203
"Jiratice",62
"Jiřetín pod Bukovou",436
"Jiřetín pod Jedlovou",531
"Jiřice",962
"Jiřice u Miroslavi",393
"Jiřice u Moravských Budějovic",48
"Jiříkov",3315
"Jiříkovice",783
"Jirkov",16319
"Jirny",2082
"Jistebnice",1715
"Jistebník",1346
"Jitkov",202
"Jivina",537
"Jívka",460
"Jivno",284
"Jívová",495
"Jívoví",234
"Jizbice",314
"Jizerní Vtelno",283
"Josefov",696
"Josefův Důl",1117
"Kacákova Lhota",136
"Kacanovy",159
"Kaceřov",484
"Kačice",1043
"Kačlehy",76
"Kácov",653
"Kadaň",14642
"Kadlín",126
"Kadolec",153
"Kadov",559
"Kájov",1462
"Kakejcov",80
"Kalek",224
"Kalenice",77
"Kalhov",110
"Kaliště",658
"Kalivody",85
"Kaly",237
"Kamberk",124
"Kámen",763
"Kamenec",52
"Kamenec u Poličky",450
"Kamenice",5150
"Kamenice nad Lipou",3223
"Kameničky",675
"Kamenický Šenov",3316
"Kameničná",283
"Kamenná",1067
"Kamenná Horka",268
"Kamenná Lhota",217
"Kamenné Zboží",456
"Kamenné Žehrovice",1472
"Kamenný Malíkov",58
"Kamenný Most",370
"Kamenný Přívoz",1153
"Kamenný Újezd",2672
"Kamýk",142
"Kamýk nad Vltavou",765
"Kanice",912
"Kaničky",29
"Kanina",80
"Kaňovice",519
"Kaplice",5360
"Káranice",173
"Káraný",638
"Kardašova Řečice",1883
"Kařez",548
"Kařízek",43
"Karle",357
"Karlík",391
"Karlín",179
"Karlov",79
"Karlova Studánka",167
"Karlova Ves",107
"Karlovice",1744
"Karlovy Vary",38919
"Karlštejn",684
"Karolín",207
"Karolinka",2164
"Karviná",46321
"Kasalice",164
"Kašava",763
"Kasejovice",1054
"Kašnice",178
"Kašperské Hory",1282
"Kateřinice",1432
"Katov",253
"Katovice",1144
"Katusice",664
"Kaznějov",2558
"Kbel",427
"Kbelany",87
"Kbelnice",184
"Kdousov",102
"Kdyně",4237
"Keblice",321
"Keblov",160
"Kejnice",89
"Kejžlice",323
"Kelč",2215
"Kelčany",208
"Kelníky",132
"Kestřany",578
"Ketkovice",493
"Klabava",392
"Kladeruby",378
"Kladeruby nad Oslavou",167
"Kladky",304
"Kladníky",124
"Kladno",56079
"Kladruby",2079
"Kladruby nad Labem",549
"Klamoš",342
"Klapý",416
"Klášter",172
"Klášter Hradiště nad Jizerou",746
"Klášterec nad Ohří",12534
"Klášterec nad Orlicí",765
"Klášterní Skalice",112
"Klášterská Lhota",191
"Klatovec",64
"Klatovy",18649
"Klec",151
"Klecany",2556
"Klenčí pod Čerchovem",1090
"Kleneč",458
"Klenová",97
"Klenovice",528
"Klenovice na Hané",716
"Klentnice",472
"Klešice",330
"Klíčany",292
"Klimkovice",3809
"Klínec",574
"Klíny",127
"Klobouky u Brna",2012
"Klobuky",861
"Klokočí",388
"Klokočná",215
"Klokočov",105
"Klopina",539
"Klopotovice",244
"Klučenice",388
"Klučov",985
"Kluky",982
"Kly",1222
"Kmetiněves",242
"Kněždub",953
"Kněževes",1606
"Kněžice",1720
"Kněžičky",148
"Kněžmost",1679
"Kněžnice",239
"Kněžpole",929
"Knínice",915
"Kňovice",269
"Knovíz",475
"Knyk",374
"Kobeřice",2834
"Kobeřice u Brna",575
"Koberovice",139
"Koberovy",878
"Kobylá nad Vidnavkou",339
"Kobylí",1762
"Kobylice",207
"Kobylnice",1154
"Kobyly",297
"Kocbeře",432
"Kocelovice",132
"Kochánky",378
"Kochánov",132
"Kočí",520
"Kočín",107
"Koclířov",592
"Kočov",162
"Kohoutov",231
"Kojatice",248
"Kojatín",72
"Kojátky",294
"Kojčice",279
"Kojetice",1027
"Kojetín",5299
"Kojice",365
"Kokašice",207
"Kokořín",316
"Kokory",969
"Kolaje",72
"Koldín",286
"Koleč",492
"Kolešov",128
"Kolešovice",705
"Kolín",25652
"Kolinec",1203
"Kolomuty",287
"Kolová",631
"Koloveč",843
"Kolšov",625
"Komařice",275
"Komárno",257
"Komárov",2590
"Komárovice",99
"Komňa",483
"Komořany",615
"Komorní Lhotka",1134
"Komorovice",153
"Konárovice",746
"Kondrac",407
"Konecchlumí",307
"Koněprusy",204
"Koněšín",427
"Konětopy",258
"Konice",2392
"Konojedy",211
"Konstantinovy Lázně",802
"Kopidlno",1769
"Kopidlo",116
"Kopřivná",237
"Kopřivnice",18824
"Kořenec",291
"Kořenice",525
"Kořenov",813
"Korkyně",107
"Kornatice",156
"Korno",96
"Korolupy",146
"Korouhev",662
"Koroužné",216
"Korozluky",179
"Koruna",118
"Koryčany",2377
"Koryta",192
"Korytná",808
"Košařiska",316
"Košátky",172
"Košetice",597
"Kosice",296
"Košice",678
"Kosičky",299
"Košík",289
"Košíky",351
"Košín",72
"Kosmonosy",3560
"Kosoř",723
"Kosořice",396
"Kosořín",140
"Kosov",269
"Kosova Hora",1135
"Košťálov",1376
"Košťany",2654
"Kostelany",521
"Kostelany nad Moravou",784
"Kostelec",1976
"Kostelec na Hané",2453
"Kostelec nad Černými Lesy",2996
"Kostelec nad Labem",3281
"Kostelec nad Orlicí",5191
"Kostelec nad Vltavou",351
"Kostelec u Heřmanova Městce",295
"Kostelec u Holešova",852
"Kostelec u Křížků",572
"Kostelecké Horky",126
"Kostelní Hlavno",375
"Kostelní Lhota",700
"Kostelní Myslová",51
"Kostelní Radouň",254
"Kostelní Vydří",144
"Kostěnice",437
"Kostice",1619
"Koštice",534
"Kostníky",168
"Kostomlátky",268
"Kostomlaty nad Labem",1566
"Kostomlaty pod Milešovkou",789
"Kostomlaty pod Řípem",367
"Kotenčice",176
"Kotlasy",101
"Kotopeky",256
"Kotovice",244
"Kotvrdovice",762
"Kounice",1130
"Kounov",641
"Koupě",103
"Kouřim",1577
"Kout na Šumavě",957
"Kouty",752
"Kovač",112
"Kovalovice",536
"Koválovice-Osíčany",243
"Kováň",112
"Kovanec",104
"Kovanice",712
"Kovářov",1285
"Kovářská",890
"Kovčín",68
"Kozárov",98
"Kozárovice",331
"Kožichovice",355
"Kozlany",434
"Kožlany",1223
"Kožlí",736
"Kozlov",967
"Kozlovice",2570
"Kozly",251
"Kozmice",1879
"Kozojedy",1445
"Kozojídky",425
"Kozolupy",889
"Kozomín",365
"Kožušany-Tážaly",703
"Kožušice",100
"Krabčice",758
"Kraborovice",86
"Krahulčí",519
"Krahulov",244
"Krajková",805
"Krajníčko",92
"Krakov",113
"Krakovany",695
"Krakovec",56
"Kralice na Hané",1382
"Kralice nad Oslavou",815
"Králíky",3908
"Králova Lhota",373
"Královec",164
"Kralovice",2973
"Královice",184
"Královské Poříčí",658
"Kralupy nad Vltavou",14678
"Králův Dvůr",6830
"Kramolín",211
"Kramolna",940
"Kraselov",193
"Krásensko",351
"Krasíkov",264
"Krasíkovice",104
"Kraslice",5703
"Krašlovice",147
"Krásná",1118
"Krásná Hora",453
"Krásná Hora nad Vltavou",932
"Krásná Lípa",2934
"Krásná Ves",157
"Krásné",223
"Krásné Údolí",353
"Krásněves",229
"Krásno",596
"Krásný Dvůr",567
"Krásný Les",689
"Krasonice",171
"Krasov",296
"Krasová",323
"Krašovice",325
"Krátká Ves",123
"Kratochvilka",390
"Kratonohy",492
"Krátošice",97
"Kratušín",47
"Kravaře",6367
"Kravsko",474
"Krchleby",1181
"Krčmaň",398
"Křeč",199
"Křečhoř",409
"Křečkov",326
"Křečovice",655
"Krejnice",62
"Křekov",147
"Křelov-Břuchotín",1459
"Křelovice",495
"Křemže",2389
"Křenek",230
"Křenice",770
"Křenov",337
"Křenovice",2129
"Křenovy",123
"Křepenice",157
"Křepice",1199
"Křesetice",563
"Křešice",1216
"Křesín",284
"Křešín",243
"Křetín",412
"Krhanice",815
"Krhov",307
"Krhová",1713
"Krhovice",445
"Křičeň",207
"Křídla",294
"Křídlůvky",214
"Křimov",341
"Křinec",1109
"Křinice",356
"Křišťanov",89
"Křišťanovice",232
"Křivoklát",595
"Křivsoudov",362
"Křižánky",339
"Křižanov",1611
"Křižanovice",784
"Křižanovice u Vyškova",121
"Křižany",693
"Křižínkov",188
"Křížkový Újezdec",188
"Křižovatka",226
"Krmelín",1981
"Krňany",366
"Krnov",20421
"Krnsko",455
"Krokočín",175
"Kroměříž",24813
"Krompach",150
"Kropáčova Vrutice",771
"Kroučová",221
"Krouna",1186
"Křoví",504
"Krsy",216
"Křtěnov",188
"Křtiny",702
"Křtomil",356
"Krtov",135
"Krty",102
"Krty-Hradec",117
"Krucemburk",1352
"Kruh",406
"Krumsín",498
"Krumvíř",1042
"Krupá",697
"Krupka",10967
"Krušovice",502
"Kružberk",219
"Krychnov",94
"Kryry",1999
"Kryštofovo Údolí",289
"Kryštofovy Hamry",115
"Kšely",196
"Kšice",174
"Ktiš",414
"Ktová",164
"Kublov",536
"Kubova Huť",80
"Kubšice",121
"Kučeř",153
"Kučerov",412
"Kuchařovice",808
"Kudlovice",836
"Kujavy",463
"Kukle",65
"Kuklík",161
"Kuks",234
"Kulířov",157
"Kunčice",288
"Kunčice nad Labem",471
"Kunčice pod Ondřejníkem",1986
"Kunčina",1161
"Kunčina Ves",48
"Kundratice",159
"Kunějovice",145
"Kunemil",100
"Kunětice",264
"Kunice",1289
"Kuničky",225
"Kunín",1557
"Kunkovice",61
"Kunovice",5205
"Kuňovice",70
"Kunratice",517
"Kunratice u Cvikova",502
"Kunštát",2284
"Kunvald",836
"Kunžak",1249
"Kupařovice",257
"Kurdějov",356
"Kuřim",8817
"Kuřimany",31
"Kuřimská Nová Ves",109
"Kuřimské Jestřabí",140
"Kuroslepy",138
"Kurovice",223
"Kutná Hora",16822
"Kutrovice",90
"Kuželov",348
"Kvasice",1924
"Kvasiny",1212
"Kváskovice",99
"Kvášňovice",111
"Květinov",190
"Květná",348
"Květnice",1163
"Květov",99
"Kvíčovice",316
"Kvilda",130
"Kvílice",65
"Kvítkov",190
"Kvítkovice",102
"Kyje",49
"Kyjov",9926
"Kyjovice",861
"Kynice",73
"Kynšperk nad Ohří",4078
"Kyselka",682
"Kyselovice",417
"Kyšice",1313
"Kyškovice",242
"Kytín",441
"Kytlice",421
"Labská Stráň",187
"Labské Chrčice",170
"Labuty",159
"Lačnov",724
"Ladná",1057
"Lahošť",557
"Lampertice",331
"Lančov",187
"Lánov",1463
"Lanškroun",8079
"Lány",2029
"Lány u Dašic",128
"Lanžhot",3169
"Lanžov",165
"Lásenice",474
"Laškov",507
"Lašovice",104
"Lavičky",442
"Lavičné",102
"Láz",754
"Lažánky",691
"Lažany",598
"Lazinov",140
"Lažiště",257
"Lázně Bělohrad",3123
"Lázně Bohdaneč",2934
"Lázně Kynžvart",1262
"Lázně Libverda",370
"Lázně Toušeň",1075
"Lazníčky",183
"Lazníky",473
"Lážovice",88
"Lazsko",180
"Lčovice",125
"Lechotice",342
"Lechovice",424
"Ledce",1898
"Ledčice",538
"Ledeč nad Sázavou",4400
"Ledečko",147
"Ledenice",2055
"Lednice",1911
"Ledvice",464
"Lejšovka",183
"Lelekovice",1548
"Lenešice",1200
"Lenora",598
"Lešany",955
"Lešetice",157
"Leskovec",585
"Leskovec nad Moravicí",388
"Leskovice",93
"Leškovice",65
"Lesná",742
"Lešná",1729
"Lesní Hluboké",217
"Lesní Jakubov",76
"Lesnice",553
"Lesonice",602
"Leština",1334
"Leština u Světlé",504
"Leštinka",128
"Lestkov",326
"Lesůňky",77
"Letiny",581
"Letkov",576
"Letohrad",5218
"Letonice",1201
"Letovice",5578
"Lety",1420
"Levín",120
"Levínská Olešnice",311
"Lhánice",134
"Lhenice",1621
"Lhota",1933
"Lhota pod Hořičkami",238
"Lhota pod Libčany",774
"Lhota pod Radčem",251
"Lhota Rapotina",349
"Lhota u Lysic",121
"Lhota u Olešnice",38
"Lhota u Příbramě",414
"Lhota u Vsetína",664
"Lhota-Vlasenice",84
"Lhotice",131
"Lhotka",1277
"Lhotka nad Labem",266
"Lhotka u Litultovic",179
"Lhotka u Radnic",52
"Lhotky",121
"Lhotsko",237
"Lhoty u Potštejna",266
"Lhůta",152
"Libá",639
"Libáň",1472
"Libavské Údolí",489
"Libčany",753
"Libčeves",773
"Libchavy",1444
"Libchyně",60
"Libčice nad Vltavou",2756
"Liběchov",880
"Libecina",142
"Libědice",226
"Libějice",106
"Libějovice",394
"Libel",134
"Libenice",256
"Libeř",1146
"Liberec",83763
"Liberk",585
"Liběšice",1941
"Libětice",78
"Libež",163
"Líbeznice",1943
"Libhošť",1435
"Libice nad Cidlinou",1076
"Libice nad Doubravou",737
"Libín",329
"Libina",2848
"Libiš",1823
"Libišany",461
"Libkov",165
"Libkova Voda",214
"Libkovice pod Řípem",461
"Liblice",403
"Liblín",238
"Libňatov",313
"Libníč",430
"Libníkovice",138
"Libočany",456
"Libochovany",492
"Libochovice",2968
"Libochovičky",53
"Libodřice",242
"Liboměřice",123
"Libomyšl",454
"Libořice",299
"Liboš",547
"Libošovice",430
"Libotenice",351
"Libotov",160
"Libouchec",1595
"Libovice",281
"Librantice",475
"Libřice",251
"Libštát",811
"Libuň",654
"Libušín",2612
"Lichkov",444
"Lichnov",2182
"Lichoceves",301
"Licibořice",199
"Lično",534
"Lidečko",1561
"Lidice",447
"Lidmaň",266
"Líně",2179
"Linhartice",543
"Lípa",1669
"Lípa nad Orlicí",466
"Lipec",156
"Lipí",532
"Lipina",151
"Lipinka",167
"Lipnice nad Sázavou",551
"Lipník",591
"Lipník nad Bečvou",6855
"Lipno",451
"Lipno nad Vltavou",495
"Lipoltice",347
"Lipov",1283
"Lipová",2271
"Lipová-lázně",1957
"Lipovec",1172
"Lipovice",166
"Liptál",1269
"Liptaň",415
"Lipůvka",1085
"Lišany",700
"Lísek",301
"Lišice",138
"Líšina",144
"Lískovice",184
"Líský",88
"Líšná",412
"Lišnice",182
"Líšnice",1538
"Líšný",213
"Lisov",97
"Lišov",3647
"Líšťany",1016
"Líté",181
"Liteň",946
"Litenčice",405
"Litíč",143
"Litichovice",55
"Litoboř",95
"Litobratřice",398
"Litochovice",241
"Litohlavy",433
"Litohoř",449
"Litohošť",54
"Litoměřice",19889
"Litomyšl",8326
"Litošice",120
"Litostrov",104
"Litovany",111
"Litovel",8360
"Litultovice",773
"Litvínov",20256
"Litvínovice",2030
"Lkáň",147
"Lnáře",600
"Lobeč",120
"Lobendava",241
"Lobodice",623
"Ločenice",589
"Lochenice",498
"Lochousice",101
"Lochovice",986
"Loděnice",1892
"Lodhéřov",561
"Lodín",341
"Loket",3087
"Lom",3429
"Lom u Tachova",366
"Lomec",111
"Lomnice",2759
"Lomnice nad Lužnicí",1541
"Lomnice nad Popelkou",4621
"Lomnička",432
"Lomy",108
"Lopeník",189
"Lošany",265
"Losiná",1112
"Loštice",2554
"Loučany",572
"Loučeň",1138
"Loučim",102
"Loucká",109
"Loučka",1277
"Loučky",130
"Loučná nad Desnou",1423
"Loučná pod Klínovcem",105
"Loučovice",1398
"Louka",901
"Louka u Litvínova",618
"Loukov",944
"Loukovec",270
"Loukovice",94
"Louňová",82
"Louňovice",847
"Louňovice pod Blaníkem",559
"Louny",15271
"Loužnice",199
"Lovčice",1291
"Lovčičky",575
"Lovčovice",53
"Lovečkovice",475
"Lovosice",7348
"Loza",223
"Lozice",134
"Lštění",351
"Lubě",90
"Lubenec",1170
"Luběnice",411
"Lubná",2064
"Lubné",41
"Lubnice",59
"Lubník",278
"Luboměř",315
"Luboměř pod Strážnou",100
"Luby",1878
"Lučany nad Nisou",1548
"Lučice",526
"Lučina",1192
"Ludgeřovice",4179
"Ludíkov",274
"Ludkovice",610
"Ludmírov",485
"Ludslavice",412
"Ludvíkov",265
"Ludvíkovice",780
"Luhačovice",4406
"Luka",77
"Luká",734
"Luka nad Jihlavou",2398
"Lukavec",1188
"Lukavec u Hořic",250
"Lukavice",2945
"Lukov",2194
"Luková",609
"Lukovany",535
"Lukoveček",378
"Luleč",794
"Lupenice",219
"Luštěnice",1727
"Lutín",2707
"Lutonina",351
"Lutopecny",509
"Lužany",1188
"Lužce",101
"Luže",2149
"Lužec nad Cidlinou",423
"Lužec nad Vltavou",1211
"Luženičky",335
"Lužice",3319
"Lužná",2138
"Lužnice",344
"Lysá nad Labem",7670
"Lysice",1592
"Lysovice",237
"Machov",931
"Machová",537
"Mačkov",256
"Mackovice",318
"Mahouš",137
"Majdalena",416
"Majetín",1009
"Makotřasy",370
"Makov",306
"Malá Bystřice",274
"Malá Hraštice",837
"Malá Lhota",126
"Malá Losenice",237
"Malá Morava",455
"Malá Morávka",606
"Malá Roudka",176
"Malá Skála",1011
"Malá Štáhle",127
"Malá Úpa",115
"Malá Veleň",394
"Malá Víska",86
"Malá Vrbka",145
"Malčín",181
"Malé Březno",642
"Malé Hradisko",312
"Malé Kyšice",400
"Malé Přítočno",208
"Malé Svatoňovice",1279
"Malé Výkleky",110
"Malé Žernoseky",620
"Maleč",578
"Malečov",674
"Malenice",577
"Malenovice",640
"Malešov",851
"Malešovice",519
"Maletín",323
"Malhostovice",802
"Malhotice",315
"Malíč",159
"Malíkov",81
"Malíkovice",336
"Malínky",116
"Malinová",76
"Málkov",838
"Malonty",1103
"Malotice",264
"Malovice",548
"Malšice",1521
"Malšín",151
"Malšovice",760
"Malý Beranov",526
"Malý Bor",461
"Malý Újezd",878
"Manětín",977
"Mankovice",508
"Maňovice",44
"Mařenice",276
"Mariánské Lázně",10803
"Mariánské Radčice",373
"Markvartice",1385
"Markvartovice",1692
"Maršov",419
"Maršov u Úpice",154
"Maršovice",1147
"Martiněves",655
"Martinice",1021
"Martinice u Onšova",49
"Martinice v Krkonoších",522
"Martínkov",214
"Martínkovice",439
"Máslojedy",181
"Máslovice",318
"Masojedy",74
"Mašovice",435
"Mastník",201
"Mašťov",491
"Matějov",181
"Mazelov",176
"Mažice",110
"Mcely",316
"Mečeříž",435
"Měchenice",679
"Měcholupy",1029
"Mečichov",228
"Měčín",940
"Meclov",951
"Měděnec",126
"Medlice",158
"Medlov",2008
"Medlovice",680
"Medonosy",124
"Medový Újezd",210
"Měkynec",40
"Melč",546
"Mělčany",408
"Mělnické Vtelno",810
"Mělník",16013
"Měňany",251
"Menhartice",112
"Měník",514
"Měnín",1528
"Merboltice",167
"Měřín",1681
"Merklín",1795
"Měrotín",226
"Měrovice nad Hanou",535
"Měrunice",269
"Měšice",1467
"Měšín",214
"Mešno",75
"Městec Králové",2453
"Městečko",380
"Městečko Trnávka",1210
"Město Albrechtice",3078
"Město Libavá",511
"Město Touškov",1760
"Metylovice",1477
"Mezholezy (dříve okres Domažlice)",87
"Mezholezy (dříve okres Horšovský Týn)",102
"Meziboří",4112
"Mezihoří",54
"Mezilečí",122
"Mezilesí",315
"Meziměstí",2111
"Mezina",331
"Meziříčí",136
"Meziříčko",230
"Mezná",213
"Mezno",307
"Mezouň",467
"Michalovice",280
"Míchov",140
"Míčov-Sušice",241
"Mičovice",306
"Mikolajice",231
"Mikulášovice",1828
"Mikulčice",1678
"Mikuleč",200
"Mikulov",6434
"Mikulovice",3946
"Mikulůvka",628
"Milasín",43
"Milavče",507
"Milčice",248
"Mileč",310
"Milejovice",61
"Milenov",364
"Milešín",76
"Milešov",282
"Milešovice",578
"Miletín",774
"Milevsko",7199
"Milhostov",259
"Miličín",714
"Milíčov",128
"Milíčovice",181
"Milíkov",1367
"Milín",1786
"Milínov",173
"Milíře",211
"Milonice",453
"Miloňovice",236
"Milostín",255
"Milotice",1606
"Milotice nad Bečvou",206
"Milotice nad Opavou",313
"Milovice",8609
"Milovice u Hořic",229
"Milý",158
"Mimoň",5437
"Minice",30
"Miřejovice",201
"Miřetice",1255
"Mířkov",238
"Mirkovice",372
"Miroslav",2501
"Miroslavské Knínice",299
"Mirošov",2184
"Mirošovice",954
"Mirotice",998
"Mírov",321
"Mírová",283
"Mírová pod Kozákovem",1436
"Mirovice",1312
"Miskovice",878
"Míškovice",538
"Míšov",104
"Mišovice",210
"Místo",371
"Mistřice",998
"Mistrovice",487
"Mladá Boleslav",31844
"Mladá Vožice",2260
"Mladé Bříště",218
"Mladé Buky",1935
"Mladeč",650
"Mladecko",124
"Mladějov",429
"Mladějov na Moravě",365
"Mladějovice",594
"Mladkov",451
"Mladoňovice",632
"Mladošovice",342
"Mladotice",459
"Mladý Smolivec",590
"Mlázovice",481
"Mlečice",242
"Mlékojedy",190
"Mlékosrby",202
"Mlýnské Struhadlo",45
"Mlýny",114
"Mnetěš",461
"Mnich",331
"Mnichov",718
"Mnichovice",3088
"Mnichovo Hradiště",7141
"Mníšek",1272
"Mníšek pod Brdy",4543
"Močerady",51
"Mochov",826
"Mochtín",895
"Močovice",340
"Modlany",855
"Modletice",365
"Modlíkov",146
"Modrá",590
"Modrá Hůrka",67
"Modrava",73
"Modřice",3820
"Modřišice",360
"Modřovice",71
"Mohelnice",7946
"Mohelnice nad Jizerou",75
"Mohelno",1166
"Mojné",203
"Mokošín",151
"Mokrá-Horákov",2324
"Mokré",134
"Mokré Lazce",955
"Mokrosuky",109
"Mokrouše",200
"Mokrovousy",306
"Mokrovraty",629
"Mokrý Lom",87
"Moldava",147
"Morašice",1491
"Moravany",4400
"Moravec",521
"Moraveč",183
"Moravecké Pavlovice",45
"Moravičany",1094
"Moravice",201
"Morávka",1004
"Moravská Nová Ves",2193
"Moravská Třebová",8785
"Moravské Bránice",819
"Moravské Budějovice",6378
"Moravské Knínice",791
"Moravské Málkovice",486
"Moravskoslezský Kočov",488
"Moravský Beroun",2528
"Moravský Krumlov",4988
"Moravský Písek",1800
"Moravský Žižkov",1243
"Mořice",442
"Mořina",664
"Mořinka",133
"Mořkov",2127
"Morkovice-Slížany",2451
"Morkůvky",405
"Mošnov",623
"Most",55416
"Mostek",1243
"Mostkovice",1342
"Mosty u Jablunkova",3233
"Mouchnice",274
"Mouřínov",395
"Moutnice",994
"Mrač",684
"Mrákotín",1047
"Mrákov",946
"Mratín",943
"Mříčná",478
"Mrlínek",238
"Mrsklesy",573
"Mrtník",280
"Mrzky",145
"Mšec",743
"Mšecké Žehrovice",475
"Mšené-lázně",1520
"Mšeno",1216
"Mukařov",2097
"Mutějovice",672
"Mutěnice",3319
"Mutěnín",228
"Mutkov",44
"Mydlovary",252
"Myslejovice",580
"Mysletice",111
"Mysletín",99
"Mysliboř",168
"Myslibořice",609
"Myslín",85
"Myslinka",172
"Myslív",371
"Myslkovice",343
"Mysločovice",516
"Myslovice",106
"Myštěves",148
"Myštice",247
"Mýto",1253
"Mžany",366
"Nabočany",104
"Načeradec",891
"Načešice",505
"Náchod",16725
"Nadějkov",609
"Nadějov",155
"Nadryby",103
"Nahořany",457
"Nahošovice",138
"Náklo",1251
"Nákří",183
"Naloučany",147
"Nalžovice",505
"Nalžovské Hory",1017
"Náměšť na Hané",1730
"Náměšť nad Oslavou",4213
"Napajedla",6286
"Nárameč",300
"Narysov",242
"Nasavrky",1598
"Násedlovice",736
"Našiměřice",178
"Návojná",599
"Návsí",3214
"Nebahovy",482
"Nebanice",284
"Nebílovy",278
"Nebovidy",1194
"Nebřehovice",125
"Nebužely",357
"Nechanice",1925
"Nechvalice",553
"Nechvalín",304
"Nečín",658
"Nečtiny",558
"Nedabyle",310
"Nedachlebice",697
"Nedakonice",1349
"Nedašov",1131
"Nedašova Lhota",594
"Neděliště",304
"Nedomice",237
"Nedrahovice",385
"Nedvědice",1151
"Nedvězí",190
"Nehodiv",66
"Nehvizdy",2193
"Nejdek",6524
"Nejepín",59
"Nekmíř",429
"Nekoř",782
"Nekvasovy",160
"Nelahozeves",1582
"Nelepeč-Žernůvka",88
"Nelešovice",164
"Nemanice",200
"Němčany",647
"Němčice",2816
"Němčice nad Hanou",1671
"Němčičky",907
"Němčovice",145
"Němětice",92
"Nemile",562
"Nemochovice",243
"Nemojany",584
"Nemojov",599
"Nemotice",355
"Nemyčeves",282
"Nemyšl",241
"Nemyslovice",127
"Nenačovice",209
"Nenkovice",391
"Neplachov",309
"Neplachovice",791
"Nepolisy",822
"Nepoměřice",173
"Nepomuk",3217
"Nepomyšl",328
"Nepřevázka",347
"Neprobylice",134
"Neratov",142
"Neratovice",13401
"Nerestce",93
"Neslovice",760
"Nesovice",954
"Nespeky",588
"Nestrašovice",52
"Nesuchyně",338
"Nesvačilka",272
"Nesvačily",130
"Netín",298
"Netolice",2182
"Netřebice",607
"Netunice",160
"Netvořice",934
"Neubuz",393
"Neuměř",126
"Neuměřice",350
"Neumětely",459
"Neurazy",656
"Neustupov",431
"Nevcehle",201
"Neveklov",2177
"Neveklovice",55
"Nevězice",127
"Nevid",143
"Nevojice",353
"Nevolice",159
"Nevratice",147
"Nevřeň",248
"Nezabudice",75
"Nezabylice",200
"Nezamyslice",1382
"Nezbavětice",199
"Nezdenice",634
"Nezdice",179
"Nezdice na Šumavě",282
"Nezdřev",92
"Nezvěstice",1214
"Nicov",76
"Nihošovice",253
"Níhov",194
"Nikolčice",658
"Niměřice",248
"Nimpšov",51
"Nišovice",181
"Nítkovice",214
"Niva",287
"Nivnice",2849
"Nižbor",1667
"Nížkov",816
"Nížkovice",595
"Nižní Lhoty",226
"Norberčany",237
"Nosálov",169
"Nosislav",1136
"Nošovice",900
"Nová Buková",87
"Nová Bystřice",2763
"Nová Cerekev",951
"Nová Dědina",363
"Nová Hradečná",682
"Nová Lhota",562
"Nová Olešná",110
"Nová Paka",7762
"Nová Pec",413
"Nová Pláň",48
"Nová Říše",703
"Nová Role",3561
"Nová Sídla",194
"Nová Telib",228
"Nová Včelnice",1936
"Nová Ves",5328
"Nová Ves I",1043
"Nová Ves nad Lužnicí",283
"Nová Ves nad Nisou",658
"Nová Ves nad Popelkou",539
"Nová Ves pod Pleší",946
"Nová Ves u Bakova",233
"Nová Ves u Chotěboře",468
"Nová Ves u Chýnova",262
"Nová Ves u Jarošova",64
"Nová Ves u Leštiny",102
"Nová Ves u Mladé Vožice",160
"Nová Ves u Nového Města na Moravě",538
"Nová Ves u Světlé",437
"Nová Ves v Horách",411
"Nové Bránice",586
"Nové Dvory",1573
"Nové Hamry",296
"Nové Heřminovy",236
"Nové Hrady",2368
"Nové Hutě",81
"Nové Lublice",181
"Nové Město",344
"Nové Město na Moravě",8591
"Nové Město nad Metují",8161
"Nové Město pod Smrkem",3105
"Nové Mitrovice",291
"Nové Sady",281
"Nové Sedlice",424
"Nové Sedlo",2646
"Nové Strašecí",4540
"Nové Syrovice",804
"Nové Veselí",1111
"Noviny pod Ralskem",260
"Novosedlice",1850
"Novosedly",1313
"Novosedly nad Nežárkou",569
"Nový Bor",10118
"Nový Bydžov",5933
"Nový Dům",128
"Nový Dvůr",64
"Nový Hrádek",678
"Nový Hrozenkov",2262
"Nový Jáchymov",573
"Nový Jičín",20086
"Nový Jimramov",52
"Nový Knín",1647
"Nový Kostel",434
"Nový Kramolín",189
"Nový Malín",2902
"Nový Oldřichov",652
"Nový Ples",290
"Nový Poddvorov",167
"Nový Přerov",261
"Nový Rychnov",851
"Nový Šaldorf-Sedlešovice",1267
"Nový Telečkov",95
"Nový Vestec",366
"Nučice",1948
"Nupaky",981
"Nýdek",1753
"Nyklovice",132
"Nymburk",12295
"Nýřany",5756
"Nýrov",194
"Nýrsko",4120
"Občov",139
"Obecnice",1070
"Obědkovice",233
"Obědovice",246
"Obora",1203
"Obořiště",559
"Oborná",343
"Obory",220
"Obrataň",696
"Obříství",1120
"Obrnice",1755
"Obrubce",175
"Obruby",212
"Obyčtov",355
"Obytce",165
"Očelice",206
"Ochoz",152
"Ochoz u Brna",1173
"Ochoz u Tišnova",97
"Očihov",313
"Ocmanice",287
"Odolena Voda",4623
"Odrava",207
"Odřepsy",272
"Odrovice",176
"Odry",6128
"Odunec",77
"Ohaře",249
"Ohařice",60
"Ohaveč",68
"Ohníč",625
"Ohnišov",415
"Ohnišťany",289
"Ohrazenice",1182
"Ohrobec",1070
"Ohrozim",403
"Okarec",107
"Okna",263
"Okoř",90
"Okounov",323
"Okřesaneč",166
"Okřešice",158
"Okřínek",160
"Okříšky",1756
"Okrouhlá",1247
"Okrouhlá Radouň",173
"Okrouhlice",1145
"Okrouhlička",192
"Okrouhlo",566
"Olbramice",796
"Olbramkostel",438
"Olbramov",53
"Olbramovice",2008
"Oldřichov",287
"Oldřichov v Hájích",602
"Oldřichovice",337
"Oldřiš",572
"Oldřišov",1161
"Oleksovice",571
"Olešenka",155
"Oleška",786
"Oleško",81
"Olešná",1756
"Olešnice",2955
"Olešnice v Orlických horách",375
"Olešník",664
"Olomouc",83567
"Olomučany",870
"Oloví",1428
"Olovnice",450
"Olšany",1654
"Olšany u Prostějova",1445
"Olší",309
"Olšovec",417
"Olšovice",50
"Omice",686
"Omlenice",443
"Ondratice",295
"Ondřejov",1417
"Onomyšl",254
"Onšov",272
"Opařany",1197
"Opatov",1806
"Opatovec",584
"Opatovice",1606
"Opatovice I",112
"Opatovice nad Labem",2081
"Opava",48851
"Oplany",92
"Oplocany",265
"Oplot",272
"Opočnice",389
"Opočno",2757
"Opolany",737
"Oponešice",152
"Oprostovice",72
"Oráčov",320
"Ořech",776
"Ořechov",3190
"Orel",653
"Orlické Podhůří",541
"Orlické Záhoří",172
"Orličky",249
"Orlík nad Vltavou",259
"Orlová",25624
"Orlovice",274
"Osečany",223
"Oseček",132
"Osečná",949
"Osečnice",236
"Osek",6767
"Osek nad Bečvou",1054
"Oselce",302
"Ošelín",126
"Osice",404
"Osíčko",393
"Osičky",135
"Osík",849
"Osiky",107
"Oskava",1122
"Oskořínek",481
"Oslavany",3994
"Oslavice",575
"Oslavička",99
"Oslnovice",74
"Oslov",282
"Osoblaha",924
"Osov",292
"Osová Bítýška",737
"Osové",65
"Ostašov",116
"Ostopovice",1400
"Ostrá",457
"Ostrata",351
"Ostrava",247034
"Ostravice",2087
"Ostředek",294
"Ostřešany",908
"Ostřetice",54
"Ostřetín",796
"Ostrolovský Újezd",144
"Ostroměř",1154
"Ostrov",15086
"Ostrov nad Oslavou",798
"Ostrov u Bezdružic",178
"Ostrov u Macochy",953
"Ostrovačice",587
"Ostrovánky",192
"Ostrovec",300
"Ostrovec-Lhotka",90
"Ostrožská Lhota",1272
"Ostrožská Nová Ves",2976
"Ostružná",140
"Ostružno",82
"Osvětimany",740
"Osvračín",509
"Otaslavice",1090
"Otěšice",137
"Otice",1194
"Otín",333
"Otinoves",240
"Otmarov",273
"Otmíče",143
"Otnice",1316
"Otov",90
"Otovice",1035
"Otradov",238
"Otročín",400
"Otročiněves",427
"Otrokovice",15269
"Otvice",581
"Otvovice",630
"Ouběnice",197
"Oucmanice",187
"Oudoleň",305
"Ovčáry",1064
"Ovesná Lhota",138
"Ovesné Kladruby",101
"Oznice",404
"Paběnice",159
"Pačejov",661
"Paceřice",279
"Pacetluky",187
"Pačlavice",745
"Pacov",4022
"Páleč",175
"Palkovice",2828
"Palonín",286
"Pálovice",141
"Pamětice",213
"Panenská Rozsíčka",129
"Panenské Břežany",465
"Panenský Týnec",354
"Panoší Újezd",244
"Panské Dubenky",98
"Paračov",92
"Pardubice",72212
"Pařezov",139
"Paršovice",328
"Partutovice",418
"Pasečnice",178
"Paseka",1080
"Paseky",154
"Paseky nad Jizerou",222
"Pašinka",306
"Paskov",3365
"Pasohlávky",632
"Pašovice",618
"Pastuchovice",64
"Pastviny",306
"Pátek",578
"Patokryje",400
"Pavlice",408
"Pavlíkov",900
"Pavlínov",205
"Pavlov",2019
"Pavlovice",178
"Pavlovice u Kojetína",241
"Pavlovice u Přerova",619
"Pazderna",239
"Pchery",1626
"Pec",205
"Peč",383
"Pec pod Sněžkou",543
"Pečice",314
"Pěčice",157
"Pěčín",421
"Pecka",1097
"Pečky",3856
"Pěčnov",115
"Pelechy",66
"Pelhřimov",13405
"Pěnčín",2766
"Perálec",212
"Peřimov",217
"Perná",665
"Pernarec",641
"Pernink",545
"Pernštejnské Jestřabí",151
"Perštejn",986
"Pertoltice",376
"Pertoltice pod Ralskem",338
"Peruc",1942
"Pesvice",127
"Pětihosty",174
"Pětikozly",60
"Pětipsy",178
"Petkovy",248
"Petráveč",203
"Petříkov",682
"Petrohrad",563
"Petroupim",260
"Petrov",1818
"Petrov nad Desnou",1036
"Petrovice",3770
"Petrovice I",248
"Petrovice II",105
"Petrovice u Karviné",4220
"Petrovice u Sušice",522
"Petrovičky",39
"Petrůvka",290
"Petrůvky",105
"Petřvald",7673
"Pičín",523
"Pikárec",275
"Pila",435
"Pilníkov",1053
"Písařov",597
"Písečná",2129
"Písečné",605
"Písek",26389
"Písková Lhota",1077
"Píšť",1907
"Píšťany",186
"Pištín",541
"Pístina",91
"Písty",357
"Pitín",783
"Pivín",612
"Pivkovice",68
"Planá",4727
"Planá nad Lužnicí",3337
"Plaňany",1505
"Plandry",173
"Pláně",221
"Plánice",1406
"Plasy",2316
"Plav",372
"Plaveč",394
"Plavsko",391
"Plavy",882
"Plazy",382
"Plch",77
"Plchov",166
"Plchovice",62
"Plenkovice",315
"Pleše",156
"Plesná",1645
"Plešnice",234
"Pletený Újezd",439
"Plískov",105
"Ploskovice",377
"Pluhův Žďár",513
"Plumlov",1990
"Plužná",185
"Plzeň",134788
"Pnětluky",314
"Pňov-Předhradí",458
"Pňovany",364
"Pňovice",795
"Poběžovice",1328
"Poběžovice u Holic",213
"Poběžovice u Přelouče",80
"Počaply",86
"Počátky",2181
"Počedělice",256
"Počenice-Tetětice",616
"Počepice",471
"Pochvalov",231
"Pocinovice",489
"Počítky",192
"Podbořanský Rohozec",136
"Podbořany",5253
"Podbrdy",181
"Podbřezí",439
"Podbřežice",202
"Poděbrady",11588
"Poděšín",206
"Poděvousy",208
"Podhořany u Ronova",231
"Podhorní Újezd a Vojice",544
"Podhradí",724
"Podhradí nad Dyjí",53
"Podhradní Lhota",415
"Podivice",152
"Podivín",2516
"Podkopná Lhota",287
"Podlesí",1148
"Podlešín",263
"Podluhy",556
"Podmoklany",113
"Podmokly",343
"Podmoky",282
"Podmolí",146
"Podmyče",92
"Podolanka",457
"Podolí",2372
"Podolí I",323
"Podomí",362
"Podsedice",551
"Podůlšany",146
"Podůlší",223
"Podveky",174
"Pohled",650
"Pohleď",63
"Pohledy",267
"Pohnánec",46
"Pohnání",69
"Pohořelice",4880
"Pohoří",883
"Pohorovice",62
"Pohorská Ves",197
"Pojbuky",98
"Pokojov",136
"Pokojovice",94
"Pokřikov",218
"Polánka",37
"Poleň",246
"Polepy",1679
"Polerady",432
"Polesí",74
"Polešovice",1680
"Polevsko",342
"Police",944
"Police nad Metují",3498
"Polička",7472
"Poličná",1504
"Polkovice",426
"Polná",4259
"Polná na Šumavě",163
"Polní Chrčice",151
"Polní Voděrady",154
"Polnička",681
"Polom",351
"Polomí",130
"Polště",96
"Pomezí",1047
"Pomezí nad Ohří",239
"Ponědraž",95
"Ponědrážka",69
"Ponětovice",336
"Poniklá",978
"Popelín",423
"Popice",782
"Popovice",1406
"Popovičky",299
"Popůvky",1221
"Poříčany",1214
"Poříčí nad Sázavou",1052
"Poříčí u Litomyšle",404
"Pošná",206
"Postoloprty",3900
"Poštovice",182
"Postřekov",976
"Postřelmov",2598
"Postřelmůvek",278
"Postřižín",862
"Postupice",1100
"Poteč",656
"Potěhy",533
"Potštát",1028
"Potštejn",824
"Potůčky",265
"Potvorov",121
"Poustka",133
"Pouzdřany",661
"Povrly",1912
"Pozďatín",140
"Pozděchov",498
"Pozdeň",361
"Pozlovice",1069
"Pozořice",1845
"Prace",775
"Práče",674
"Pracejovice",277
"Prachatice",9282
"Prachovice",1189
"Prackovice nad Labem",551
"Prádlo",174
"Praha",955998
"Prakšice",870
"Prameny",96
"Prasek",532
"Prášily",131
"Praskačka",899
"Prasklice",206
"Praskolesy",739
"Přáslavice",1224
"Pravčice",636
"Pravice",296
"Pravlov",512
"Pravonín",484
"Pravy",85
"Pražmo",789
"Přeborov",122
"Přebuz",64
"Přechovice",104
"Přeckov",62
"Předboj",738
"Předenice",198
"Předhradí",366
"Předín",596
"Předklášteří",1189
"Předměřice nad Jizerou",582
"Předměřice nad Labem",1500
"Předmíř",272
"Přední Výtoň",181
"Přední Zborovice",64
"Předotice",469
"Předslav",654
"Předslavice",220
"Přehořov",280
"Přehvozdí",239
"Přehýšov",470
"Přelíc",327
"Přelouč",7521
"Přelovice",187
"Přemyslovice",1065
"Přepeře",857
"Přepychy",618
"Přerov",37255
"Přerov nad Labem",931
"Přerubenice",62
"Přeskače",90
"Přešovice",114
"Přestanov",354
"Přestavlky",841
"Přestavlky u Čerčan",309
"Přeštěnice",251
"Přeštice",5663
"Přešťovice",389
"Převýšov",280
"Přezletice",1251
"Přibice",870
"Příbor",7205
"Příbram",27651
"Příbram na Moravě",538
"Příbraz",221
"Přibyslav",3466
"Přibyslavice",1098
"Příchovice",911
"Příčina",176
"Příčovy",278
"Přídolí",561
"Příkazy",1121
"Příkosice",337
"Příkrý",215
"Přílepy",995
"Příluka",137
"Přimda",977
"Přísečná",169
"Příseka",340
"Přišimasy",647
"Přísnotice",748
"Příšov",275
"Příšovice",1073
"Přistoupim",375
"Příštpo",233
"Přítluky",693
"Přívětice",178
"Přívrat",303
"Prlov",451
"Proboštov",2284
"Probulov",63
"Prodašice",75
"Prokopov",79
"Proruby",43
"Proseč",1862
"Proseč pod Ještědem",325
"Proseč pod Křemešníkem",69
"Prosečné",479
"Prosenice",687
"Prosenická Lhota",420
"Prosetín",1011
"Prosíčka",112
"Prosiměřice",725
"Prostějov",37626
"Prostějovičky",257
"Prostiboř",129
"Prostřední Bečva",1491
"Prostřední Poříčí",235
"Protivanov",862
"Protivín",4115
"Provodín",645
"Provodov",674
"Provodov-Šonov",994
"Provodovice",121
"Prštice",799
"Průhonice",1864
"Prušánky",1886
"Prusice",64
"Prusinovice",1026
"Prusy-Boškůvky",533
"Prysk",376
"Pržno",1472
"Pšánky",53
"Psáře",117
"Psárov",100
"Psáry",3030
"Pšov",487
"Pšovlky",246
"Pstruží",846
"Ptení",927
"Ptenín",165
"Ptice",690
"Ptýrov",236
"Puchlovice",100
"Puclice",285
"Pucov",136
"Puklice",704
"Pulečný",357
"Pustá Kamenice",278
"Pustá Polom",1201
"Pustá Rybná",137
"Pustějov",847
"Pustiměř",1486
"Pustina",57
"Pustověty",112
"Putim",437
"Putimov",236
"Pyšel",388
"Pyšely",1490
"Rabakov",53
"Rabí",418
"Rabštejnská Lhota",652
"Ráby",493
"Rabyně",239
"Račetice",351
"Račice",537
"Račice nad Trotinou",137
"Račice-Pístovice",1012
"Račín",106
"Račiněves",469
"Racková",670
"Rácovice",101
"Radčice",135
"Radějov",734
"Radějovice",394
"Radenice",141
"Radenín",427
"Radešín",94
"Radešínská Svratka",497
"Radětice",358
"Radhošť",140
"Radhostice",133
"Radíč",185
"Radíkov",132
"Radíkovice",146
"Radim",1364
"Radiměř",964
"Radimovice",240
"Radimovice u Tábora",60
"Radimovice u Želče",334
"Radkov",1017
"Radkova Lhota",186
"Radkovice",82
"Radkovice u Budče",124
"Radkovice u Hrotovic",277
"Radkovy",128
"Rádlo",721
"Radnice",1520
"Radňoves",83
"Radňovice",272
"Radomyšl",1065
"Radonice",1756
"Radonín",69
"Radošov",149
"Radošovice",985
"Radostice",642
"Radostín",265
"Radostín nad Oslavou",762
"Radostná pod Kozákovem",364
"Radostov",114
"Radotice",113
"Radotín",155
"Radovesice",405
"Radovesnice I",318
"Radovesnice II",422
"Radslavice",1333
"Raduň",923
"Radvanec",185
"Radvanice",1077
"Rájec",411
"Rájec-Jestřebí",3141
"Ráječko",1107
"Rajhrad",2962
"Rajhradice",1202
"Rajnochovice",446
"Rakousy",79
"Rakov",346
"Raková",190
"Raková u Konice",174
"Rakovice",182
"Rakovník",13120
"Rakůvka",85
"Rakvice",1824
"Ralsko",1649
"Raná",527
"Rančířov",345
"Rantířov",377
"Rapotice",439
"Rapotín",2748
"Rapšach",476
"Rašín",79
"Raškovice",1597
"Řásná",209
"Rasošky",569
"Rašov",201
"Rašovice",876
"Raspenava",2412
"Rataje",1259
"Rataje nad Sázavou",456
"Ratboř",483
"Ratenice",491
"Ratiboř",1704
"Ratibořské Hory",643
"Ratíškovice",3503
"Ratměřice",245
"Ražice",348
"Razová",448
"Rebešovice",799
"Řečany nad Labem",1140
"Řečice",507
"Řehenice",365
"Řehlovice",1200
"Rejchartice",175
"Rejštejn",203
"Řeka",462
"Řemíčov",76
"Řenče",772
"Řendějov",206
"Řepeč",233
"Řepice",359
"Řepín",536
"Řepiště",1540
"Řepníky",332
"Řepov",581
"Řeřichy",90
"Rešice",304
"Řestoky",408
"Řetová",587
"Řetůvka",240
"Řevnice",2815
"Řevničov",1179
"Říčany",13657
"Říčky",314
"Říčky v Orlických horách",79
"Řícmanice",664
"Řídeč",169
"Řídelov",74
"Řídký",60
"Řikonín",33
"Říkov",175
"Říkovice",412
"Římov",1080
"Řimovice",178
"Řípec",260
"Řisuty",304
"Řitka",985
"Řitonice",72
"Roblín",192
"Rochlov",243
"Rochov",95
"Ročov",492
"Rodinov",196
"Rodkov",81
"Rodná",87
"Rodvínov",499
"Rohatec",3051
"Rohatsko",197
"Rohenice",227
"Rohle",548
"Rohov",508
"Rohovládova Bělá",502
"Rohozec",447
"Rohozná",909
"Rohoznice",497
"Rohy",104
"Rojetín",66
"Rokle",257
"Rokycany",11400
"Rokytá",223
"Rokytňany",85
"Rokytnice",1805
"Rokytnice nad Jizerou",2308
"Rokytnice nad Rokytnou",734
"Rokytnice v Orlických horách",1730
"Rokytno",739
"Rokytovec",110
"Ronov nad Doubravou",1416
"Ropice",1344
"Roprachtice",220
"Roseč",179
"Rosice",6180
"Rosička",97
"Rosovice",675
"Roštění",583
"Rostěnice-Zvonovice",426
"Roštín",597
"Rostoklaty",405
"Rotava",2562
"Roubanina",117
"Rouchovany",998
"Roudná",469
"Roudné",998
"Roudnice",542
"Roudnice nad Labem",10451
"Roudno",188
"Roupov",225
"Rousínov",4578
"Rouské",217
"Rousměrov",88
"Rovečné",542
"Rovensko",689
"Rovensko pod Troskami",1073
"Rovná",522
"Rožďalovice",1342
"Rozdrojovice",839
"Rozhovice",220
"Rozhraní",275
"Rozkoš",157
"Rožmberk nad Vltavou",305
"Rožmitál na Šumavě",363
"Rožmitál pod Třemšínem",3699
"Rožná",663
"Rožnov",327
"Rožnov pod Radhoštěm",14219
"Rozseč",239
"Rozseč nad Kunštátem",450
"Rozsíčka",127
"Rozsochatec",436
"Rozsochy",607
"Rozstání",710
"Roztoky",7160
"Roztoky u Jilemnice",868
"Roztoky u Semil",90
"Rozvadov",487
"Rpety",421
"Rtyně nad Bílinou",668
"Rtyně v Podkrkonoší",2553
"Ruda",962
"Ruda nad Moravou",2157
"Rudice",1163
"Rudíkov",583
"Rudimov",214
"Rudka",326
"Rudlice",86
"Rudná",3931
"Rudná pod Pradědem",322
"Rudník",1778
"Rudolec",181
"Rudolfov",2110
"Rudoltice",1499
"Rumburk",9246
"Ruprechtov",501
"Rusava",500
"Rusín",136
"Rušinov",165
"Růžďka",779
"Růžená",295
"Růžová",465
"Rybí",1034
"Rybitví",1127
"Rybná nad Zdobnicí",358
"Rybné",92
"Rybnice",457
"Rybníček",288
"Rybník",837
"Rybníky",724
"Rybniště",567
"Rychnov na Moravě",521
"Rychnov nad Kněžnou",9263
"Rychnov u Jablonce nad Nisou",2246
"Rychnovek",539
"Rychvald",6308
"Ryjice",165
"Rýmařov",7297
"Rymice",515
"Rynárec",506
"Rynholec",809
"Rynoltice",665
"Ryžoviště",519
"Šabina",283
"Sádek",627
"Sadov",1062
"Sadová",277
"Sadská",2686
"Šafov",127
"Šakvice",1218
"Salačova Lhota",115
"Salaš",340
"Samopše",136
"Samotišky",1119
"Samšín",141
"Samšina",234
"Šanov",2092
"Sány",438
"Šaplava",110
"Šaratice",862
"Šardice",1916
"Šárovcova Lhota",162
"Šarovy",226
"Šatov",965
"Sázava",4189
"Sázavka",273
"Sazená",262
"Sazomín",190
"Sazovice",638
"Sběř",252
"Schořov",76
"Sebečice",65
"Šebestěnice",78
"Šebetov",755
"Šebířov",311
"Šebkovice",396
"Sebranice",1340
"Šebrov-Kateřina",673
"Seč",1897
"Šedivec",169
"Sedlatice",55
"Sedlčany",6154
"Sedlec",2108
"Sedlec-Prčice",2416
"Sedlečko u Soběslavě",119
"Sedlejov",245
"Sedletín",241
"Sedlice",1407
"Sedliště",1768
"Sedlnice",1295
"Sedloňov",173
"Sehradice",600
"Sejřek",143
"Sekeřice",105
"Šelešovice",279
"Seletice",174
"Selmice",102
"Seloutky",428
"Semanín",519
"Semčice",593
"Semechnice",355
"Semice",798
"Semily",7131
"Semín",489
"Semněvice",171
"Šemnice",559
"Semtěš",222
"Sendraž",88
"Sendražice",337
"Senec",222
"Senetářov",464
"Senice",167
"Senice na Hané",1563
"Senička",297
"Seninka",270
"Senohraby",978
"Senomaty",994
"Senorady",334
"Šenov",5453
"Šenov u Nového Jičína",1773
"Senožaty",621
"Sentice",527
"Sepekov",1174
"Šerkovice",260
"Šestajovice",2902
"Šetějovice",49
"Ševětín",1169
"Sezemice",3361
"Sezimovo Ústí",6146
"Sibřina",663
"Šilheřovice",1351
"Silůvky",689
"Šimanov",177
"Šimonovice",958
"Šindelová",270
"Šípy",145
"Sirá",116
"Sirákov",216
"Siřejovice",233
"Široká Niva",488
"Široký Důl",337
"Šišma",184
"Šitbořice",1699
"Sivice",863
"Skalice",1359
"Skalice nad Svitavou",513
"Skalice u České Lípy",1305
"Skalička",655
"Skalka",357
"Skalka u Doks",136
"Skalná",1569
"Skalsko",327
"Skály",298
"Skapce",96
"Skašov",189
"Skaštice",326
"Sklené",295
"Sklené nad Oslavou",197
"Skočice",175
"Skomelno",177
"Skopytce",143
"Skořenice",348
"Skořice",238
"Skorkov",563
"Skoronice",469
"Skorošice",639
"Skorotice",113
"Skotnice",660
"Skrbeň",1022
"Skrchov",92
"Škrdlovice",575
"Skřinářov",126
"Skřipel",108
"Skřipov",845
"Skřípov",287
"Skřivany",892
"Skršín",213
"Skrýchov u Malšic",117
"Skryje",353
"Skuhrov",1133
"Skuhrov nad Bělou",947
"Skuteč",4374
"Škvorec",1309
"Škvořetice",259
"Skvrňov",168
"Slabce",611
"Slabčice",303
"Slaná",572
"Slaník",126
"Slaný",12658
"Šlapanice",6280
"Šlapanov",678
"Slapsko",127
"Slapy",1115
"Slatina",2201
"Slatina nad Úpou",252
"Slatina nad Zdobnicí",709
"Slatiňany",3549
"Slatinice",1393
"Slatinky",484
"Slatiny",476
"Slavče",568
"Slavětice",207
"Slavětín",708
"Slavětín nad Metují",209
"Slavhostice",115
"Slavičín",5591
"Slavičky",224
"Slavíkov",260
"Slavíkovice",177
"Slavkov",2253
"Slavkov pod Hostýnem",533
"Slavkov u Brna",5442
"Slavníč",51
"Slavonice",2098
"Slavoňov",237
"Slavošov",125
"Šléglov",34
"Slepotice",364
"Slezské Pavlovice",167
"Slezské Rudoltice",460
"Slopné",481
"Sloup",808
"Sloup v Čechách",631
"Sloupnice",1474
"Sloupno",478
"Sloveč",438
"Slověnice",28
"Sluhy",569
"Šluknov",4538
"Slunečná",113
"Slup",412
"Slušovice",2482
"Sluštice",418
"Služátky",142
"Služovice",680
"Smečno",1688
"Smědčice",228
"Smetanova Lhota",228
"Smidary",1316
"Smilkov",236
"Smilovice",1285
"Smilovy Hory",318
"Smiřice",2430
"Smolné Pece",153
"Smolnice",359
"Smolotely",207
"Smrček",97
"Smrčná",342
"Smrk",221
"Smržice",1371
"Smržov",518
"Smržovka",3063
"Snědovice",678
"Snět",91
"Sněžné",726
"Snovídky",285
"Sobčice",250
"Soběchleby",512
"Soběhrdy",323
"Soběkury",509
"Soběnov",307
"Soběraz",93
"Soběšice",346
"Soběšín",143
"Soběslav",5969
"Soběslavice",136
"Soběšovice",782
"Soběsuky",310
"Sobětuchy",758
"Sobíňov",604
"Sobíšky",136
"Sobkovice",204
"Sobotín",1017
"Sobotka",1943
"Sobotovice",468
"Sobůlky",735
"Sojovice",442
"Sokoleč",848
"Sokolnice",1835
"Sokolov",20011
"Solenice",323
"Solnice",1779
"Šonov",262
"Sopotnice",772
"Sopřeč",228
"Sosnová",954
"Šošůvka",579
"Souňov",119
"Sousedovice",231
"Soutice",223
"Sovětice",180
"Sovínky",257
"Sovolusky",109
"Spálené Poříčí",2323
"Spálov",748
"Spáňov",162
"Spělkov",37
"Spešov",534
"Špičky",235
"Špindlerův Mlýn",916
"Spojil",436
"Spomyšl",387
"Spořice",1236
"Spytihněv",1458
"Srbce",70
"Srbeč",260
"Srbice",693
"Srbská Kamenice",220
"Srbsko",440
"Srby",519
"Srch",1313
"Srní",198
"Srnín",261
"Srnojedy",601
"Srubec",2118
"Sruby",485
"Štáblovice",554
"Stachy",985
"Stádlec",481
"Šťáhlavy",2262
"Stáj",142
"Stálky",104
"Staňkov",2935
"Staňkovice",1095
"Stanovice",568
"Stanoviště",304
"Stará Červená Voda",521
"Stará Huť",1146
"Stará Lysá",475
"Stará Paka",1755
"Stará Říše",520
"Stará Ves",961
"Stará Ves nad Ondřejnicí",2367
"Stará Voda",533
"Staré Bříště",53
"Staré Buky",474
"Staré Hamry",471
"Staré Heřminovy",169
"Staré Hobzí",442
"Staré Hodějovice",1039
"Staré Hradiště",1494
"Staré Hrady",159
"Staré Hutě",105
"Staré Jesenčany",350
"Staré Křečany",1080
"Staré Město",10127
"Staré Město pod Landštejnem",411
"Staré Místo",277
"Staré Sedliště",946
"Staré Sedlo",915
"Staré Smrkovice",214
"Staré Těchanovice",136
"Staré Ždánice",504
"Stařeč",1426
"Stařechovice",468
"Staříč",1840
"Starkoč",126
"Stárkov",545
"Štarnov",620
"Starosedlský Hrádek",113
"Starovice",760
"Starovičky",714
"Starý Bydžov",355
"Starý Hrozenkov",712
"Starý Jičín",2372
"Starý Kolín",1346
"Starý Mateřov",498
"Starý Petřín",202
"Starý Plzenec",4288
"Starý Poddvorov",831
"Starý Šachov",182
"Starý Vestec",136
"Stašov",580
"Statenice",1080
"Stavenice",115
"Stavěšice",314
"Stéblová",190
"Stebno",428
"Stěbořice",1224
"Štěchov",148
"Štěchovice",1796
"Štědrá",477
"Stehelčeves",686
"Stehlovice",82
"Štěkeň",743
"Štěměchy",256
"Štěnovice",1655
"Štěnovický Borek",461
"Štěpánkovice",2681
"Štěpánov",2979
"Štěpánov nad Svratkou",588
"Štěpánovice",1167
"Štěpkov",90
"Šternberk",11490
"Štětí",7234
"Štětkovice",287
"Stěžery",1679
"Štichov",71
"Štichovice",102
"Štíhlice",151
"Stínava",126
"Štipoklasy",123
"Štítary",532
"Štítina",1037
"Štítná nad Vláří-Popov",1878
"Štítov",49
"Štíty",1718
"Stochov",4630
"Stod",3007
"Stojčín",102
"Stojice",176
"Štoky",1543
"Stolany",323
"Stonařov",887
"Stonava",1553
"Stošíkovice na Louce",238
"Stožec",183
"Stožice",291
"Strachoňovice",69
"Strachotice",868
"Strachotín",699
"Strachujov",116
"Stračov",253
"Stradonice",100
"Stradouň",156
"Strahovice",764
"Strakonice",18923
"Strakov",200
"Straky",445
"Štramberk",2933
"Strančice",1842
"Stránecká Zhoř",507
"Strání",3029
"Stránka",178
"Stranný",88
"Strašice",2193
"Strašín",267
"Straškov-Vodochody",875
"Strašnov",228
"Strašov",272
"Stratov",466
"Stráž",1181
"Stráž nad Nežárkou",743
"Stráž nad Nisou",1922
"Stráž nad Ohří",510
"Stráž pod Ralskem",3121
"Strážek",735
"Stražisko",364
"Strážiště",106
"Strážkovice",419
"Strážná",94
"Strážné",177
"Strážnice",4799
"Strážný",240
"Strážov",1136
"Strážovice",506
"Středokluky",866
"Střelice",2730
"Střelná",503
"Střelské Hoštice",756
"Střemošice",149
"Střemy",387
"Střeň",511
"Strenice",154
"Střevač",233
"Střezetice",332
"Střezimíř",268
"Strhaře",114
"Stříbřec",397
"Stříbrná",395
"Stříbrná Skalice",1153
"Stříbrné Hory",213
"Stříbrnice",575
"Stříbro",6291
"Střílky",551
"Střítež",2161
"Střítež nad Bečvou",721
"Střítež nad Ludinou",705
"Střítež pod Křemešníkem",56
"Střížov",185
"Střížovice",1046
"Strmilov",1223
"Strojetice",107
"Stropešín",106
"Struhařov",1407
"Strukov",129
"Strunkovice nad Blanicí",1047
"Strunkovice nad Volyňkou",105
"Strupčice",790
"Stružinec",597
"Stružná",483
"Stružnice",854
"Strýčice",55
"Studánka",415
"Studená",2000
"Studené",155
"Studenec",2002
"Studeněves",381
"Studénka",8245
"Studený",87
"Študlov",544
"Studnice",1897
"Stupava",139
"Stvolínky",273
"Stvolová",136
"Šubířov",213
"Suchá",217
"Suchá Lhota",84
"Suchá Loz",939
"Suchdol",1497
"Suchdol nad Lužnicí",3029
"Suchdol nad Odrou",2220
"Suchodol",300
"Suchohrdly",1108
"Suchohrdly u Miroslavi",420
"Suchomasty",411
"Suchonice",157
"Suchov",438
"Suchovršice",298
"Suchý",382
"Suchý Důl",347
"Sudějov",70
"Sudice",1221
"Sudislav nad Orlicí",107
"Sudkov",951
"Sudoměř",83
"Sudoměřice",1014
"Sudoměřice u Bechyně",630
"Sudoměřice u Tábora",239
"Sudovo Hlavno",406
"Sudslava",161
"Sukorady",495
"Sulejovice",590
"Sulice",1464
"Sulíkov",235
"Sulimov",136
"Sulislav",181
"Sulkovec",157
"Šumavské Hoštice",354
"Šumice",1656
"Šumná",513
"Šumperk",22477
"Šumvald",1417
"Supíkovice",577
"Sušice",10275
"Švábenice",823
"Švábov",68
"Svárov",672
"Svatá",421
"Svatá Maří",511
"Svatava",1424
"Svaté Pole",383
"Svatobořice-Mistřín",3022
"Svatojanský Újezd",79
"Svatoňovice",218
"Svatoslav",571
"Svatý Jan",556
"Svatý Jan nad Malší",474
"Svatý Jan pod Skalou",134
"Svatý Jiří",258
"Svatý Mikuláš",717
"Svébohov",357
"Svémyslice",324
"Svépravice",101
"Svéradice",281
"Svésedlice",168
"Světce",117
"Světec",854
"Světí",255
"Světice",944
"Světlá",203
"Světlá Hora",1248
"Světlá nad Sázavou",5682
"Světlá pod Ještědem",804
"Světlík",204
"Světnov",387
"Sviadnov",1689
"Svídnice",523
"Švihov",1465
"Svijanský Újezd",357
"Svijany",258
"Svinaře",577
"Svinařov",597
"Svinčany",382
"Svinošice",286
"Sviny",365
"Svitávka",1518
"Svitavy",14303
"Svoboda nad Úpou",1693
"Svobodné Heřmanice",452
"Svojanov",328
"Svojek",148
"Svojetice",822
"Svojetín",276
"Svojkov",207
"Svojkovice",417
"Svojšice",783
"Svojšín",356
"Svor",565
"Svrabov",45
"Svratka",1210
"Svratouch",758
"Svrkyně",241
"Sychrov",171
"Sýkořice",460
"Synalov",103
"Synkov-Slemeno",336
"Syřenov",189
"Syrov",47
"Syrovátka",356
"Syrovice",1325
"Syrovín",304
"Sytno",230
"Tábor",28935
"Tachlovice",729
"Tachov",10124
"Tálín",142
"Tanvald",5230
"Tasov",1019
"Tašov",115
"Tasovice",1215
"Tatce",510
"Tatenice",749
"Tatiná",216
"Tatobity",470
"Tatrovice",148
"Tavíkovice",516
"Tchořovice",203
"Těchařovice",48
"Těchlovice",736
"Těchobuz",72
"Těchonín",502
"Tečovice",1101
"Tehov",976
"Tehovec",477
"Telč",4558
"Telecí",341
"Telnice",1922
"Temelín",734
"Temešvár",111
"Těmice",1116
"Těně",246
"Teplá",2467
"Teplice",41398
"Teplice nad Bečvou",319
"Teplice nad Metují",1374
"Teplička",101
"Teplýšovice",409
"Terešov",153
"Terezín",2804
"Těrlicko",3915
"Těšany",1031
"Těšetice",1589
"Těškov",273
"Těškovice",737
"Těšovice",468
"Tetčice",917
"Tetín",864
"Tetov",147
"Tichá",1490
"Tichonice",179
"Tichov",266
"Tis",310
"Tis u Blatna",91
"Tisá",788
"Tísek",808
"Tisem",190
"Tišice",1866
"Tismice",423
"Tišnov",7454
"Tišnovská Nová Ves",77
"Tisová",852
"Tisovec",281
"Tištín",415
"Tlučná",2660
"Tlumačov",2452
"Tlustice",776
"Tmaň",968
"Tochovice",531
"Točník",206
"Tojice",83
"Tomice",112
"Topolany",285
"Topolná",1390
"Toušice",280
"Toužetín",250
"Toužim",3105
"Tovačov",2119
"Tovéř",521
"Třanovice",865
"Traplice",1005
"Travčice",515
"Trboušany",314
"Třebařov",782
"Třebčice",73
"Třebechovice pod Orebem",4874
"Třebějice",56
"Třebelovice",375
"Třebeň",343
"Třebenice",1903
"Třebešice",297
"Třebešov",221
"Třebestovice",695
"Třebětice",494
"Třebětín",93
"Třebíč",30538
"Třebichovice",490
"Třebihošť",376
"Třebívlice",716
"Třebíz",195
"Třebnouševes",247
"Třeboc",129
"Třebohostice",276
"Třebom",207
"Třeboň",7139
"Třebonín",116
"Třebosice",190
"Třebotov",1140
"Třebovice",661
"Třebovle",413
"Třebsko",222
"Třebusice",434
"Třebušín",465
"Třemešná",803
"Třemešné",319
"Třemošná",4248
"Třemošnice",2564
"Třesov",72
"Třesovice",210
"Třešovice",65
"Třešť",4904
"Třeštice",115
"Třeština",315
"Trhanov",468
"Trhová Kamenice",789
"Trhové Dušníky",368
"Trhové Sviny",4313
"Trhový Štěpánov",1089
"Tři Dvory",809
"Tři Sekery",789
"Tři Studně",81
"Třibřichy",254
"Třinec",30219
"Trmice",2562
"Trnava",1553
"Trnávka",814
"Trnov",620
"Trnová",1025
"Trnovany",326
"Trnové Pole",101
"Trojanovice",2168
"Trojovice",156
"Trokavec",93
"Troskotovice",580
"Troskovice",91
"Trotina",63
"Troubelice",1599
"Troubky",1735
"Troubky-Zdislavice",392
"Troubsko",1907
"Trpík",65
"Trpín",367
"Trpišovice",149
"Trpísty",200
"Tršice",1383
"Trstěnice",1222
"Třtěnice",280
"Třtice",418
"Trubín",368
"Trubská",156
"Truskovice",165
"Trusnov",182
"Trutnov",25871
"Tržek",147
"Tučapy",1359
"Tuchlovice",2089
"Tuchoměřice",1077
"Tuchoraz",377
"Tuchořice",582
"Tučín",377
"Tuhaň",817
"Tuklaty",768
"Tulešice",174
"Tuněchody",505
"Tupadly",673
"Tupesy",959
"Tuř",138
"Tuřany",602
"Tuřice",266
"Turkovice",228
"Turnov",12064
"Turovec",226
"Turovice",203
"Tursko",638
"Tušovice",88
"Tutleky",296
"Tužice",77
"Tvarožná",1085
"Tvarožná Lhota",803
"Tvořihráz",340
"Tvorovice",255
"Tvrdkov",202
"Tvrdonice",1763
"Tvrzice",103
"Týček",181
"Tymákov",809
"Týn nad Bečvou",727
"Týn nad Vltavou",6795
"Týnec",1215
"Týnec nad Labem",1733
"Týnec nad Sázavou",4725
"Týniště",44
"Týniště nad Orlicí",5144
"Týnišťko",139
"Úbislavice",360
"Ublo",248
"Úboč",106
"Ubušínek",86
"Údlice",1055
"Údrnice",261
"Uhelná",432
"Uhelná Příbram",437
"Úherce",367
"Uherčice",1230
"Úherčice",122
"Uherské Hradiště",21681
"Uhersko",219
"Uherský Brod",14244
"Uherský Ostroh",3731
"Úhlejov",122
"Uhlířov",317
"Uhlířská Lhota",320
"Uhlířské Janovice",2596
"Úholičky",617
"Úhonice",932
"Úhořilka",39
"Úhřetice",399
"Úhřetická Lhota",236
"Uhřice",1269
"Uhřičice",464
"Uhřínov",273
"Uhy",311
"Ujčov",400
"Újezd",3430
"Újezd nade Mží",84
"Újezd pod Troskami",282
"Újezd u Boskovic",411
"Újezd u Brna",2749
"Újezd u Černé Hory",223
"Újezd u Chocně",269
"Újezd u Plánice",100
"Újezd u Přelouče",162
"Újezd u Rosic",236
"Újezd u Sezemic",150
"Újezd u Svatého Kříže",208
"Újezd u Tišnova",115
"Újezdec",528
"Újezdeček",778
"Ujkovice",90
"Úlehle",85
"Úlibice",236
"Úlice",387
"Úmonín",414
"Úmyslovice",259
"Únanov",1044
"Unčín",171
"Únehle",107
"Únějovice",91
"Úněšov",498
"Únětice",685
"Unhošť",3812
"Únice",56
"Uničov",9818
"Unín",206
"Unkovice",624
"Úpice",4781
"Úpohlavy",214
"Urbanice",344
"Urbanov",119
"Určice",1141
"Úsilné",388
"Úsilov",120
"Úsobí",602
"Úsobrno",353
"Úsov",1023
"Úštěk",2347
"Ústí",1195
"Ústí nad Labem",77310
"Ústí nad Orlicí",12005
"Ústín",363
"Ústrašice",303
"Ústrašín",203
"Ústup",34
"Úsuší",119
"Útěchov",251
"Útěchovice",59
"Útěchovice pod Stražištěm",84
"Útěchovičky",60
"Úterý",406
"Útušice",580
"Útvina",475
"Úvalno",852
"Úvaly",5126
"Uzenice",103
"Uzeničky",105
"Úžice",1250
"Vacenovice",1873
"Václavice",482
"Václavov u Bruntálu",391
"Václavovice",1663
"Václavy",58
"Vacov",1224
"Vacovice",51
"Val",470
"Valašská Bystřice",1908
"Valašská Polanka",1230
"Valašská Senice",382
"Valašské Klobouky",4253
"Valašské Meziříčí",19001
"Valašské Příkazy",261
"Valchov",379
"Valdice",1138
"Valdíkov",91
"Valeč",937
"Valkeřice",328
"Valšov",211
"Valtice",3076
"Valtrovice",351
"Valy",795
"Vamberk",3843
"Vanov",76
"Vanovice",468
"Vanůvek",29
"Vápenice",166
"Vápenná",1079
"Vápenný Podol",206
"Vápno",108
"Vápovice",35
"Varnsdorf",12890
"Varvažov",168
"Vatín",285
"Vavřinec",1182
"Vážany",927
"Vážany nad Litavou",601
"Včelákov",478
"Včelná",1750
"Včelnička",191
"Vchynice",262
"Věchnov",290
"Věcov",588
"Vědomice",752
"Vedrovice",727
"Vejprnice",3328
"Vejprty",2473
"Vejvanov",201
"Vejvanovice",272
"Velatice",596
"Velečín",59
"Velehrad",1020
"Velemín",1338
"Velemyšleves",295
"Veleň",1111
"Velenice",324
"Velenka",244
"Velenov",201
"Velešín",3315
"Velešovice",1033
"Veletiny",479
"Veletov",214
"Velhartice",729
"Velichov",450
"Velichovky",617
"Veliká Ves",534
"Velim",1841
"Veliny",392
"Veliš",428
"Velká Bíteš",4219
"Velká Buková",230
"Velká Bukovina",416
"Velká Bystřice",2757
"Velká Chmelištná",61
"Velká Chyška",240
"Velká Dobrá",1457
"Velká Hleďsebe",1923
"Velká Jesenice",641
"Velká Kraš",642
"Velká Lečice",147
"Velká Lhota",443
"Velká Losenice",961
"Velká nad Veličkou",2514
"Velká Polom",1662
"Velká Skrovnice",236
"Velká Štáhle",301
"Velká Turná",133
"Velké Albrechtice",976
"Velké Bílovice",3252
"Velké Březno",1897
"Velké Chvojno",693
"Velké Hamry",2287
"Velké Heraltice",1375
"Velké Hostěrádky",398
"Velké Hoštice",1533
"Velké Hydčice",205
"Velké Janovice",107
"Velké Karlovice",2068
"Velké Kunětice",487
"Velké Losiny",2319
"Velké Meziříčí",9738
"Velké Němčice",1504
"Velké Opatovice",3200
"Velké Pavlovice",2635
"Velké Petrovice",352
"Velké Popovice",2124
"Velké Poříčí",2004
"Velké Přílepy",2274
"Velké Přítočno",850
"Velké Svatoňovice",1079
"Velké Tresné",97
"Velké Všelisy",320
"Velké Žernoseky",412
"Velký Beranov",1104
"Velký Bor",453
"Velký Borek",886
"Velký Chlumec",358
"Velký Karlov",337
"Velký Luh",135
"Velký Malahov",202
"Velký Ořechov",638
"Velký Osek",1969
"Velký Ratmírov",193
"Velký Rybník",168
"Velký Šenov",1664
"Velký Třebešov",272
"Velký Týnec",2340
"Velký Újezd",1112
"Velký Valtinov",159
"Velký Vřešťov",199
"Vělopolí",231
"Veltěže",347
"Veltruby",1222
"Veltrusy",1703
"Velvary",2552
"Vémyslice",613
"Vendolí",802
"Vendryně",3719
"Vepříkov",292
"Vepřová",361
"Verměřovice",602
"Verneřice",956
"Vernéřovice",272
"Vernířovice",171
"Věrovany",1172
"Veřovice",1724
"Verušičky",410
"Ves Touškov",295
"Vesce",238
"Veselá",1298
"Veselé",298
"Veselí",294
"Veselí nad Lužnicí",5450
"Veselí nad Moravou",9662
"Veselice",112
"Veselíčko",945
"Veselý Žďár",467
"Věšín",569
"Vestec",1965
"Věstín",141
"Věteřov",435
"Větřkovice",656
"Větřní",3249
"Větrný Jeníkov",507
"Větrušice",496
"Vevčice",63
"Veverská Bítýška",2649
"Veverské Knínice",784
"Věž",690
"Věžky",536
"Věžná",299
"Věžnice",483
"Věžnička",109
"Věžovatá Pláně",125
"Víceměřice",516
"Vícemil",71
"Vícenice",164
"Vícenice u Náměště nad Oslavou",344
"Víchová nad Jizerou",800
"Vícov",433
"Vidče",1486
"Vídeň",370
"Vidice",341
"Vidim",112
"Vidlatá Seč",240
"Vidnava",1089
"Vidochov",304
"Vidonín",137
"Vidov",491
"Vigantice",908
"Vikantice",64
"Vikýřovice",1980
"Vílanec",278
"Vilantice",161
"Vilémov",2488
"Vilémovice",466
"Vilice",127
"Vimperk",6276
"Vinaře",217
"Vinařice",2231
"Vinary",466
"Vincencov",105
"Vinec",217
"Viničné Šumice",1086
"Vintířov",988
"Vír",623
"Víska",156
"Víska u Jevíčka",137
"Vísky",251
"Višňová",1761
"Višňové",952
"Vítanov",387
"Vitčice",150
"Vítějeves",346
"Vitějovice",423
"Vítězná",1177
"Vitice",911
"Vitín",360
"Vitiněves",292
"Vítkov",4969
"Vítkovice",307
"Vítonice",587
"Vižina",227
"Vizovice",4085
"Vlachova Lhota",193
"Vlachovice",1381
"Vlachovo Březí",1421
"Vlačice",216
"Vladislav",999
"Vlasatice",732
"Vlašim",9865
"Vlastec",184
"Vlastějovice",391
"Vlastiboř",380
"Vlastibořice",272
"Vlastislav",149
"Vlčatín",118
"Vlčetínec",44
"Vlčeves",77
"Vlčí",56
"Vlčí Habřina",262
"Vlčice",780
"Vlčkov",80
"Vlčková",347
"Vlčkovice v Podkrkonoší",320
"Vlčnov",2571
"Vlčtejn",73
"Vlkančice",164
"Vlkaneč",530
"Vlkanov",145
"Vlkava",366
"Vlkoš",1515
"Vlkov",722
"Vlkov pod Oškobrhem",72
"Vlkovice",106
"Vlksice",121
"Vnorovy",2584
"Vochov",805
"Voděrady",1351
"Vodice",137
"Vodňany",5545
"Vodochody",491
"Vodranty",78
"Vodslivy",85
"Vohančice",157
"Vojkov",432
"Vojkovice",2670
"Vojníkov",77
"Vojnův Městec",639
"Vojslavice",89
"Vojtanov",196
"Vojtěchov",358
"Vokov",149
"Volanice",195
"Volárna",433
"Volary",3180
"Volduchy",954
"Voleč",311
"Volenice",811
"Volevčice",152
"Volfartice",569
"Volfířov",607
"Volyně",2548
"Vonoklasy",451
"Vortová",208
"Votice",3782
"Voznice",518
"Vrábče",638
"Vraclav",647
"Vracov",3902
"Vracovice",496
"Vračovice-Orlov",154
"Vraňany",736
"Vrančice",137
"Vrané nad Vltavou",2072
"Vranov",1146
"Vranov nad Dyjí",717
"Vranová",299
"Vranová Lhota",388
"Vranovice",2209
"Vranovice-Kelčice",527
"Vranovská Ves",250
"Vraný",611
"Vratěnín",258
"Vratimov",6204
"Vratislávka",81
"Vrátkov",232
"Vrátno",139
"Vráto",331
"Vráž",1242
"Vražkov",344
"Vražné",721
"Vrážné",61
"Vrbátky",1401
"Vrbatův Kostelec",302
"Vrbčany",316
"Vrbičany",463
"Vrbice",1990
"Vrbka",171
"Vrbno nad Lesy",164
"Vrbno pod Pradědem",4568
"Vrbová Lhota",416
"Vrbovec",919
"Vrčeň",272
"Vrchlabí",10327
"Vrchoslavice",511
"Vrchotovy Janovice",830
"Vrchovany",91
"Vrchovnice",57
"Vrchy",192
"Vrcovice",152
"Vrdy",2504
"Vřesina",3834
"Vřeskovice",269
"Vřesník",74
"Vřesová",329
"Vřesovice",976
"Vrhaveč",753
"Vroutek",1604
"Vršce",180
"Vrskmaň",257
"Vršovice",669
"Vršovka",114
"Vrutice",269
"Všechlapy",731
"Všechovice",973
"Všehrdy",171
"Všejany",564
"Všekary",84
"Všelibice",480
"Všemina",941
"Všemyslice",923
"Všeň",504
"Všenice",224
"Všenory",1414
"Všepadly",41
"Všeradice",359
"Všeradov",136
"Všeruby",1873
"Všestary",2148
"Všestudy",456
"Všesulov",89
"Všetaty",2091
"Vsetín",22440
"Vševily",115
"Vstiš",452
"Výčapy",719
"Vydří",105
"Vykáň",333
"Vyklantice",139
"Výkleky",243
"Výprachtice",794
"Výrava",336
"Výrov",384
"Výrovice",149
"Vyšehněvice",208
"Vyšehoří",201
"Vyšehořovice",515
"Vyskeř",351
"Vyškov",17660
"Výškov",443
"Vyškovec",117
"Vyskytná",597
"Vyskytná nad Jihlavou",749
"Výsluní",223
"Vyšní Lhoty",746
"Vysočany",759
"Vysočina",598
"Vysoká",1248
"Vysoká Lhota",15
"Vysoká Libyně",195
"Vysoká nad Labem",1281
"Vysoká Pec",1245
"Vysoká Srbská",230
"Vysoká u Příbramě",282
"Vysoké",149
"Vysoké Chvojno",338
"Vysoké Mýto",10154
"Vysoké nad Jizerou",1100
"Vysoké Pole",694
"Vysoké Popovice",600
"Vysoké Studnice",346
"Vysoké Veselí",729
"Vysokov",422
"Vysoký Chlumec",707
"Vysoký Újezd",909
"Výšovice",409
"Vyšší Brod",1922
"Vystrčenovice",95
"Vystrkov",230
"Výžerky",129
"Vyžice",171
"Vyžlovka",538
"Xaverov",48
"Žabčice",1364
"Žabeň",701
"Zábeštní Lhota",148
"Záblatí",543
"Žabonosy",205
"Záboří",578
"Záboří nad Labem",706
"Záborná",216
"Žabovřesky",356
"Žabovřesky nad Ohří",212
"Zábrdí",65
"Zábřeh",11619
"Zábřezí-Řečice",121
"Zábrodí",450
"Zabrušany",996
"Záchlumí",920
"Zachotín",201
"Zachrašťany",179
"Žacléř",2719
"Zadní Chodov",214
"Zadní Střítež",29
"Zadní Třebaň",720
"Zadní Vydří",39
"Zadní Zhořec",114
"Zádolí",78
"Žádovice",653
"Zádub-Závišín",280
"Zádveřice-Raková",1201
"Zahájí",401
"Zahnašovice",275
"Zahořany",1094
"Zahorčice",55
"Záhoří",1267
"Záhornice",340
"Záhorovice",897
"Zahrádka",240
"Zahrádky",801
"Zaječí",1213
"Zaječice",897
"Zaječov",1203
"Zájezd",97
"Zájezdec",96
"Zajíčkov",197
"Žákava",380
"Zákolany",480
"Žákovice",192
"Zakřany",651
"Zákupy",2410
"Žáky",300
"Žalany",441
"Zalešany",93
"Zálesí",147
"Zálesná Zhoř",55
"Zálezlice",315
"Zálezly",274
"Žalhostice",423
"Žalkovice",506
"Zaloňov",382
"Zálší",412
"Zalužany",263
"Záluží",572
"Zálužice",80
"Žamberk",5134
"Záměl",549
"Zámostí-Blata",103
"Žampach",252
"Zámrsk",631
"Zámrsky",199
"Žandov",1624
"Zápy",629
"Žár",304
"Žáravice",109
"Zářecká Lhota",165
"Záříčí",618
"Žarošice",913
"Žárovná",104
"Zárubice",106
"Záryby",802
"Zásada",746
"Zásmuky",1618
"Zašová",2541
"Zašovice",102
"Zastávka",2124
"Zástřizly",128
"Žatčany",716
"Žatec",16087
"Zátor",1047
"Závada",503
"Zavidov",268
"Závišice",856
"Závist",130
"Zavlekov",374
"Závraty",36
"Zbečno",480
"Zbelítov",301
"Zbenice",119
"Zběšičky",141
"Zbilidy",171
"Zbinohy",66
"Zbiroh",2093
"Zbizuby",389
"Zblovice",41
"Zborov",188
"Zborovice",1287
"Zborovy",97
"Zbožíčko",193
"Zbrašín",311
"Zbraslav",1056
"Zbraslavec",171
"Zbraslavice",1174
"Zbůch",1868
"Zbuzany",894
"Zbyslavice",521
"Zbýšov",4249
"Zbytiny",276
"Ždánice",2643
"Ždánov",126
"Žďár",1902
"Žďár nad Metují",549
"Žďár nad Orlicí",420
"Žďár nad Sázavou",18212
"Žďárec",308
"Žďárek",134
"Žďárky",484
"Žďárná",657
"Zděchov",521
"Zdechovice",680
"Zdelov",212
"Zdemyslice",519
"Zdeňkov",51
"Zderaz",245
"Zdětín",780
"Zdiby",2507
"Zdice",3376
"Zdíkov",1461
"Ždírec",985
"Ždírec nad Doubravou",2582
"Zdislava",243
"Zdislavice",467
"Zdobín",113
"Zdobnice",147
"Zdounky",1816
"Zduchovice",262
"Žebrák",1733
"Žehuň",378
"Žehušice",642
"Želatovice",465
"Želeč",1225
"Želechovice",195
"Želechovice nad Dřevnicí",1654
"Zelená Hora",240
"Zeleneč",2280
"Zelenecká Lhota",132
"Želenice",574
"Želešice",1400
"Želetava",1275
"Želetice",678
"Železná",216
"Železná Ruda",1306
"Železné",407
"Železnice",1048
"Železný Brod",5086
"Želiv",985
"Želivsko",39
"Želízy",435
"Želkovice",77
"Želnava",100
"Zemětice",242
"Ženklava",936
"Žeranovice",670
"Žeravice",914
"Žeraviny",170
"Žerčice",341
"Žeretice",211
"Žermanice",274
"Žernov",371
"Žernovice",261
"Žernovník",191
"Žerotice",269
"Žerotín",556
"Žerůtky",288
"Zhoř",834
"Zhoř u Mladé Vožice",81
"Zhoř u Tábora",147
"Zhořec",91
"Žichlínek",815
"Zichovec",127
"Žichovice",572
"Židlochovice",2972
"Židněves",284
"Židovice",426
"Žihle",1135
"Žihobce",490
"Žilina",683
"Žilov",368
"Žim",163
"Žimutice",536
"Žinkovy",742
"Žirov",63
"Žirovnice",2362
"Žíšov",205
"Žitenice",1303
"Žítková",143
"Žitovlice",158
"Živanice",795
"Životice",44
"Životice u Nového Jičína",541
"Žiželice",1521
"Žižice",532
"Žižkovo Pole",329
"Zlámanec",268
"Zlatá",246
"Zlatá Koruna",663
"Zlatá Olešnice",594
"Zlaté Hory",3352
"Zlátenka",43
"Zlatníky-Hodkovice",1069
"Žlebské Chvalovice",107
"Žleby",1133
"Zlechov",1413
"Zlín",63692
"Zliv",3080
"Zlobice",515
"Zlončice",392
"Zlonice",1901
"Zlonín",480
"Zlosyň",387
"Zlukov",231
"Žlunice",211
"Žlutava",983
"Žlutice",2013
"Znětínek",175
"Znojmo",28445
"Zruč nad Sázavou",3975
"Zruč-Senec",2735
"Zubčice",347
"Zubří",5103
"Zubrnice",207
"Žulová",1071
"Žumberk",248
"Županovice",110
"Zvánovice",447
"Zvěřínek",209
"Zvěrkovice",199
"Zvěrotice",332
"Zvěstov",313
"Zvěstovice",56
"Zvíkov",307
"Zvíkovec",178
"Zvíkovské Podhradí",183
"Zvole",2678
"Zvoleněves",750
"Zvolenovice",73
"Zvotoky",57
